Class,,,size
Bacteria_unclassified,clade_marker_size,736.8625346,14.73725069
Planctomycetacia,clade_marker_size,356.2141584,7.124283168
Acidobacteria_Gp2,clade_marker_size,358.3228541,7.166457082
Spartobacteria,clade_marker_size,318.6664539,6.373329078
Betaproteobacteria,clade_marker_size,659.1208293,13.18241659
Acidobacteria_Gp6,clade_marker_size,220.0385109,4.400770219
Sphingobacteria,clade_marker_size,376.379713,7.527594261
Acidobacteria_Gp1,clade_marker_size,281.2342319,5.624684639
Acidobacteria_Gp3,clade_marker_size,197.5448388,3.950896775
Subdivision3,clade_marker_size,108.7066174,2.174132348
Gammaproteobacteria,clade_marker_size,726.5345505,14.53069101
Alphaproteobacteria,clade_marker_size,787.1132908,15.74226582
Deltaproteobacteria,clade_marker_size,120.9514049,2.419028099
Actinobacteria,clade_marker_size,591.6760367,11.83352073
TM7_class_incertae_sedis,clade_marker_size,109.3062729,2.186125458
Acidobacteria_Gp4,clade_marker_size,89.36044249,1.78720885
Proteobacteria_unclassified,clade_marker_size,21.39424833,0.427884967
Gemmatimonadetes,clade_marker_size,45.26873002,0.9053746
Bacteroidetes_unclassified,clade_marker_size,44.03862424,0.880772485
Chlamydiae,clade_marker_size,25.92581909,0.518516382
Bacteroidetes_incertae_sedis_class_incertae_sedis,clade_marker_size,53.66601077,1.073320215
Acidobacteria_Gp7,clade_marker_size,30.55767879,0.611153576
Bacilli,clade_marker_size,175.2619106,3.505238213
Anaerolineae,clade_marker_size,70.22042318,1.404408464
Ktedonobacteria,clade_marker_size,54.38733343,1.087746669
Opitutae,clade_marker_size,19.69098202,0.39381964
Acidobacteria_Gp16,clade_marker_size,39.26884665,0.785376933
OD1_class_incertae_sedis,clade_marker_size,7.17970622,0.143594124
Chloroflexi_unclassified,clade_marker_size,21.60369208,0.432073842
Firmicutes_unclassified,clade_marker_size,20.0266525,0.40053305
Acidobacteria_Gp5,clade_marker_size,15.80869408,0.316173882
Acidobacteria_Gp10,clade_marker_size,7.74103465,0.154820693
Acidobacteria_Gp17,clade_marker_size,8.030159152,0.160603183
Verrucomicrobiae,clade_marker_size,14.51999318,0.290399864
Armatimonadetes_gp5_class_incertae_sedis,clade_marker_size,12.11823569,0.242364714
Verrucomicrobia_unclassified,clade_marker_size,3.482935523,0.06965871
Caldilineae,clade_marker_size,15.61254766,0.312250953
Acidobacteria_Gp13,clade_marker_size,4.063326562,0.081266531
Nitrospira,clade_marker_size,13.25656969,0.265131394
Flavobacteria,clade_marker_size,7.638472178,0.152769444
BRC1_class_incertae_sedis,clade_marker_size,2.14104348,0.04282087
Clostridia,clade_marker_size,14.95372282,0.299074456
WS3_class_incertae_sedis,clade_marker_size,2.742308775,0.054846176
Thermomicrobia,clade_marker_size,6.75685017,0.135137003
Chloroflexi_c,clade_marker_size,2.442425694,0.048848514
Negativicutes,clade_marker_size,2.168281957,0.043365639