Family,,,size
Bacteria_unclassified,clade_marker_size,736.8625346,14.73725069
Planctomycetaceae,clade_marker_size,356.2141584,7.124283168
Acidobacteria_Gp2_family_incertae_sedis,clade_marker_size,358.3228541,7.166457082
Spartobacteria_family_incertae_sedis,clade_marker_size,318.6664539,6.373329078
Burkholderiaceae,clade_marker_size,439.1010956,8.782021912
Gammaproteobacteria_unclassified,clade_marker_size,171.1363275,3.422726549
Acidobacteria_Gp6_family_incertae_sedis,clade_marker_size,220.0385109,4.400770219
Chitinophagaceae,clade_marker_size,307.9832403,6.159664805
Acidobacteria_Gp1_family_incertae_sedis,clade_marker_size,281.2342319,5.624684639
Acidobacteria_Gp3_family_incertae_sedis,clade_marker_size,197.5448388,3.950896775
Subdivision3_family_incertae_sedis,clade_marker_size,108.7066174,2.174132348
Enterobacteriaceae,clade_marker_size,362.9318665,7.25863733
Betaproteobacteria_unclassified,clade_marker_size,118.4162207,2.368324414
Rhizobiales_unclassified,clade_marker_size,168.6863196,3.373726392
Myxococcales_unclassified,clade_marker_size,58.43570592,1.168714118
Actinobacteria_unclassified,clade_marker_size,95.10303862,1.902060772
TM7_family_incertae_sedis,clade_marker_size,109.3062729,2.186125458
Rhodospirillales_unclassified,clade_marker_size,94.02830679,1.880566136
Alphaproteobacteria_unclassified,clade_marker_size,65.93468448,1.31869369
Acidobacteria_Gp4_family_incertae_sedis,clade_marker_size,89.36044249,1.78720885
Proteobacteria_unclassified,clade_marker_size,21.39424833,0.427884967
Actinomycetales_unclassified,clade_marker_size,41.51976176,0.830395235
Gemmatimonadaceae,clade_marker_size,45.26873002,0.9053746
Bacteroidetes_unclassified,clade_marker_size,44.03862424,0.880772485
Acidimicrobiales_unclassified,clade_marker_size,46.11752255,0.922350451
Chlamydiales_unclassified,clade_marker_size,16.82690917,0.336538183
Burkholderiales_unclassified,clade_marker_size,27.15694418,0.543138884
Bacteroidetes_incertae_sedis_family_incertae_sedis,clade_marker_size,53.66601077,1.073320215
Deltaproteobacteria_unclassified,clade_marker_size,20.84693508,0.416938702
Xanthomonadaceae,clade_marker_size,125.4669961,2.509339922
Acidobacteria_Gp7_family_incertae_sedis,clade_marker_size,30.55767879,0.611153576
Sphingobacteriaceae,clade_marker_size,53.99593612,1.079918722
Bacillaceae_1,clade_marker_size,115.5933409,2.311866819
Pasteuriaceae,clade_marker_size,37.28817241,0.745763448
Comamonadaceae,clade_marker_size,39.10531262,0.782106252
Bacillales_unclassified,clade_marker_size,4.835851992,0.09671704
Ktedonobacterales_unclassified,clade_marker_size,15.52407119,0.310481424
Mycobacteriaceae,clade_marker_size,45.05174876,0.901034975
Anaerolineaceae,clade_marker_size,70.22042318,1.404408464
Ktedonobacteraceae,clade_marker_size,30.65417696,0.613083539
Opitutaceae,clade_marker_size,19.69098202,0.39381964
Solirubrobacterales_unclassified,clade_marker_size,10.37397982,0.207479596
Acetobacteraceae,clade_marker_size,22.36359241,0.447271848
Acidobacteria_Gp16_family_incertae_sedis,clade_marker_size,39.26884665,0.785376933
Parachlamydiaceae,clade_marker_size,9.09890992,0.181978198
Polyangiaceae,clade_marker_size,11.75175412,0.235035082
OD1_family_incertae_sedis,clade_marker_size,7.17970622,0.143594124
Chloroflexi_unclassified,clade_marker_size,21.60369208,0.432073842
Sinobacteraceae,clade_marker_size,29.23363028,0.584672606
Caulobacteraceae,clade_marker_size,22.31675489,0.446335098
Sphingomonadaceae,clade_marker_size,121.8458247,2.436916493
Firmicutes_unclassified,clade_marker_size,20.0266525,0.40053305
Acidobacteria_Gp5_family_incertae_sedis,clade_marker_size,15.80869408,0.316173882
Rhodospirillaceae,clade_marker_size,40.33083878,0.806616776
Micromonosporaceae,clade_marker_size,33.04059226,0.660811845
Pseudomonadaceae,clade_marker_size,31.80129882,0.636025976
Kofleriaceae,clade_marker_size,5.231856403,0.104637128
Acidobacteria_Gp10_family_incertae_sedis,clade_marker_size,7.74103465,0.154820693
Bdellovibrionaceae,clade_marker_size,9.6022394,0.192044788
Conexibacteraceae,clade_marker_size,4.64736448,0.09294729
Solirubrobacteraceae,clade_marker_size,11.10147726,0.222029545
Acidobacteria_Gp17_family_incertae_sedis,clade_marker_size,8.030159152,0.160603183
Verrucomicrobiaceae,clade_marker_size,14.51999318,0.290399864
Armatimonadetes_gp5_family_incetae_sedis,clade_marker_size,12.11823569,0.242364714
Coxiellaceae,clade_marker_size,3.762108219,0.075242164
Paenibacillaceae_1,clade_marker_size,5.244388824,0.104887776
Acidimicrobineae_incertae_sedis,clade_marker_size,13.51098796,0.270219759
Verrucomicrobia_unclassified,clade_marker_size,3.482935523,0.06965871
Cystobacteraceae,clade_marker_size,11.45830545,0.229166109
Caldilineaceae,clade_marker_size,15.61254766,0.312250953
Rhizobiaceae,clade_marker_size,84.82129009,1.696425802
Acidobacteria_Gp13_family_incertae_sedis,clade_marker_size,4.063326562,0.081266531
Oxalobacteraceae,clade_marker_size,20.31984915,0.406396983
Acidimicrobiaceae,clade_marker_size,12.76795954,0.255359191
Ruminococcaceae,clade_marker_size,6.367461934,0.127349239
Bradyrhizobiaceae,clade_marker_size,77.10755665,1.542151133
Ktedonobacteria_unclassified,clade_marker_size,5.808304272,0.116166085
Sphingobacteriales_unclassified,clade_marker_size,3.136322879,0.062726458
Sphingomonadales_unclassified,clade_marker_size,9.670432103,0.193408642
Nitrospiraceae,clade_marker_size,13.25656969,0.265131394
Thermomonosporaceae,clade_marker_size,14.43384705,0.288676941
Rhodocyclaceae,clade_marker_size,4.70381078,0.094076216
Alphaproteobacteria_family_incertae_sedis,clade_marker_size,11.69743049,0.23394861
Alicyclobacillaceae,clade_marker_size,5.584075072,0.111681501
Actinospicaceae,clade_marker_size,9.873991458,0.197479829
Nocardioidaceae,clade_marker_size,70.50695153,1.410139031
Pseudonocardiaceae,clade_marker_size,26.99619034,0.539923807
Streptomycetaceae,clade_marker_size,65.53067249,1.31061345
Methylobacteriaceae,clade_marker_size,16.78114682,0.335622936
Hyphomicrobiaceae,clade_marker_size,29.67634141,0.593526828
Flavobacteriaceae,clade_marker_size,6.098323603,0.121966472
Phaselicystidaceae,clade_marker_size,3.624608563,0.072492171
Microbacteriaceae,clade_marker_size,19.34701916,0.386940383
BRC1_family_incertae_sedis,clade_marker_size,2.14104348,0.04282087
Clostridiaceae_1,clade_marker_size,6.399938418,0.127998768
Iamiaceae,clade_marker_size,5.408235453,0.108164709
WS3_family_incertae_sedis,clade_marker_size,2.742308775,0.054846176
Clostridiales_unclassified,clade_marker_size,2.186322467,0.043726449
Glycomycetaceae,clade_marker_size,17.99014535,0.359802907
Beijerinckiaceae,clade_marker_size,3.444677453,0.068893549
Burkholderiales_incertae_sedis,clade_marker_size,3.569521118,0.071390422
Catenulisporaceae,clade_marker_size,4.828614285,0.096572286
Phyllobacteriaceae,clade_marker_size,9.065855104,0.181317102
Cytophagaceae,clade_marker_size,11.26421378,0.225284276
Nocardiaceae,clade_marker_size,5.986593478,0.11973187
Flavobacteriales_unclassified,clade_marker_size,1.540148575,0.030802972
Thermomicrobia_unclassified,clade_marker_size,1.704951723,0.034099034
Erythrobacteraceae,clade_marker_size,3.994075779,0.079881516
Alcaligenaceae,clade_marker_size,6.748075165,0.134961503
Sphaerobacteraceae,clade_marker_size,5.051898446,0.101037969
Herpetosiphonaceae,clade_marker_size,2.442425694,0.048848514
Micrococcaceae,clade_marker_size,20.6305234,0.412610468
Thermosporotrichaceae,clade_marker_size,2.400781016,0.04801562
Staphylococcaceae,clade_marker_size,5.22285119,0.104457024
Xanthobacteraceae,clade_marker_size,5.348163295,0.106963266
Veillonellaceae,clade_marker_size,2.168281957,0.043365639
Intrasporangiaceae,clade_marker_size,13.35874601,0.26717492
Planococcaceae,clade_marker_size,1.493230206,0.029864604
Geodermatophilaceae,clade_marker_size,1.695624955,0.033912499
Moraxellaceae,clade_marker_size,2.202323106,0.044046462
Streptosporangiaceae,clade_marker_size,1.854448735,0.037088975