Genus,,,size
Bacteria_unclassified,clade_marker_size,736.8625346,14.73725069
Planctomycetaceae_unclassified,clade_marker_size,216.0159534,4.320319068
Gp2,clade_marker_size,358.3228541,7.166457082
Spartobacteria_genera_incertae_sedis,clade_marker_size,318.6664539,6.373329078
Burkholderia,clade_marker_size,405.5146722,8.110293445
Gammaproteobacteria_unclassified,clade_marker_size,171.1363275,3.422726549
Gp6,clade_marker_size,220.0385109,4.400770219
Chitinophagaceae_unclassified,clade_marker_size,194.3016047,3.886032095
Gp1,clade_marker_size,281.2342319,5.624684639
Gp3,clade_marker_size,197.5448388,3.950896775
3_genus_incertae_sedis,clade_marker_size,108.7066174,2.174132348
Enterobacteriaceae_unclassified,clade_marker_size,288.5354344,5.770708688
Betaproteobacteria_unclassified,clade_marker_size,118.4162207,2.368324414
Rhizobiales_unclassified,clade_marker_size,168.6863196,3.373726392
Myxococcales_unclassified,clade_marker_size,58.43570592,1.168714118
Actinobacteria_unclassified,clade_marker_size,95.10303862,1.902060772
Singulisphaera,clade_marker_size,56.31011854,1.126202371
Burkholderiaceae_unclassified,clade_marker_size,7.877090086,0.157541802
TM7_genus_incertae_sedis,clade_marker_size,109.3062729,2.186125458
Rhodospirillales_unclassified,clade_marker_size,94.02830679,1.880566136
Alphaproteobacteria_unclassified,clade_marker_size,65.93468448,1.31869369
Gp4,clade_marker_size,89.36044249,1.78720885
Proteobacteria_unclassified,clade_marker_size,21.39424833,0.427884967
Actinomycetales_unclassified,clade_marker_size,41.51976176,0.830395235
Gemmatimonas,clade_marker_size,45.26873002,0.9053746
Bacteroidetes_unclassified,clade_marker_size,44.03862424,0.880772485
Acidimicrobiales_unclassified,clade_marker_size,46.11752255,0.922350451
Chlamydiales_unclassified,clade_marker_size,16.82690917,0.336538183
Gemmata,clade_marker_size,30.75561491,0.615112298
Planctomyces,clade_marker_size,40.07807666,0.801561533
Burkholderiales_unclassified,clade_marker_size,27.15694418,0.543138884
Ohtaekwangia,clade_marker_size,53.66601077,1.073320215
Deltaproteobacteria_unclassified,clade_marker_size,20.84693508,0.416938702
Dyella,clade_marker_size,48.86154925,0.977230985
Gp7,clade_marker_size,30.55767879,0.611153576
Mucilaginibacter,clade_marker_size,36.93942061,0.738788412
Bacillus,clade_marker_size,115.5933409,2.311866819
Flavisolibacter,clade_marker_size,43.132928,0.86265856
Pasteuria,clade_marker_size,37.28817241,0.745763448
Comamonadaceae_unclassified,clade_marker_size,32.48093272,0.649618654
Bacillales_unclassified,clade_marker_size,4.835851992,0.09671704
Sphingomonadaceae_unclassified,clade_marker_size,26.6664659,0.533329318
Bradyrhizobiaceae_unclassified,clade_marker_size,5.840815391,0.116816308
Ktedonobacterales_unclassified,clade_marker_size,15.52407119,0.310481424
Mycobacterium,clade_marker_size,45.05174876,0.901034975
Anaerolineaceae_unclassified,clade_marker_size,70.22042318,1.404408464
Xanthomonadaceae_unclassified,clade_marker_size,18.45215411,0.369043082
Ktedonobacter,clade_marker_size,30.65417696,0.613083539
Opitutus,clade_marker_size,19.69098202,0.39381964
Solirubrobacterales_unclassified,clade_marker_size,10.37397982,0.207479596
Acetobacteraceae_unclassified,clade_marker_size,18.7550767,0.375101534
Gp16,clade_marker_size,39.26884665,0.785376933
Parachlamydiaceae_unclassified,clade_marker_size,7.157156124,0.143143122
Polyangiaceae_unclassified,clade_marker_size,10.15849144,0.203169829
OD1_genus_incertae_sedis,clade_marker_size,7.17970622,0.143594124
Chloroflexi_unclassified,clade_marker_size,21.60369208,0.432073842
Steroidobacter,clade_marker_size,24.25797092,0.485159418
Phenylobacterium,clade_marker_size,20.68531597,0.413706319
Sphingomonas,clade_marker_size,53.8292068,1.076584136
Firmicutes_unclassified,clade_marker_size,20.0266525,0.40053305
Gp5,clade_marker_size,15.80869408,0.316173882
Rhodospirillaceae_unclassified,clade_marker_size,26.03920559,0.520784112
Zavarzinella,clade_marker_size,13.05439492,0.261087898
Micromonosporaceae_unclassified,clade_marker_size,16.78113135,0.335622627
Pseudomonas,clade_marker_size,31.80129882,0.636025976
Terrimonas,clade_marker_size,22.51293721,0.450258744
Kofleria,clade_marker_size,5.231856403,0.104637128
Gp10,clade_marker_size,7.74103465,0.154820693
Vampirovibrio,clade_marker_size,5.362719518,0.10725439
Sphingobacteriaceae_unclassified,clade_marker_size,8.074689944,0.161493799
Oxalobacteraceae_unclassified,clade_marker_size,8.450641013,0.16901282
Conexibacter,clade_marker_size,4.64736448,0.09294729
Streptomycetaceae_unclassified,clade_marker_size,27.23901538,0.544780308
Nocardioides,clade_marker_size,20.12277637,0.402455527
Lysobacter,clade_marker_size,16.83420448,0.33668409
Solirubrobacter,clade_marker_size,11.10147726,0.222029545
Gp17,clade_marker_size,8.030159152,0.160603183
Verrucomicrobiaceae_unclassified,clade_marker_size,9.532195691,0.190643914
Armatimonadetes_gp5,clade_marker_size,12.11823569,0.242364714
Pantoea,clade_marker_size,55.95935842,1.119187168
Aquicella,clade_marker_size,3.762108219,0.075242164
Niastella,clade_marker_size,12.68607191,0.253721438
Paenibacillus,clade_marker_size,5.244388824,0.104887776
Novosphingobium,clade_marker_size,41.35015196,0.827003039
Aciditerrimonas,clade_marker_size,13.51098796,0.270219759
Verrucomicrobia_unclassified,clade_marker_size,3.482935523,0.06965871
Bdellovibrio,clade_marker_size,4.239519881,0.084790398
Anaeromyxobacter,clade_marker_size,9.374400938,0.187488019
Caldilinea,clade_marker_size,15.61254766,0.312250953
Ralstonia,clade_marker_size,17.42550095,0.348510019
Rhizobium,clade_marker_size,80.19583144,1.603916629
Chitinophaga,clade_marker_size,15.0925884,0.301851768
Gp13,clade_marker_size,4.063326562,0.081266531
Massilia,clade_marker_size,9.239329814,0.184786596
Ilumatobacter,clade_marker_size,12.76795954,0.255359191
Clostridium_III,clade_marker_size,4.693374506,0.09386749
Bradyrhizobium,clade_marker_size,69.23131599,1.38462632
Ktedonobacteria_unclassified,clade_marker_size,5.808304272,0.116166085
Sphingobacteriales_unclassified,clade_marker_size,3.136322879,0.062726458
Sphingomonadales_unclassified,clade_marker_size,9.670432103,0.193408642
Nitrospira,clade_marker_size,13.25656969,0.265131394
Flavitalea,clade_marker_size,13.1757413,0.263514826
Thermomonosporaceae_unclassified,clade_marker_size,12.56833224,0.251366645
Rhodocyclaceae_unclassified,clade_marker_size,4.70381078,0.094076216
Stenotrophomonas,clade_marker_size,18.07777735,0.361555547
Rudaea,clade_marker_size,10.52365537,0.210473107
Rhizomicrobium,clade_marker_size,8.81610826,0.176322165
Neochlamydia,clade_marker_size,1.941753797,0.038835076
Tumebacillus,clade_marker_size,5.584075072,0.111681501
Actinospica,clade_marker_size,9.873991458,0.197479829
Kribbella,clade_marker_size,30.41942661,0.608388532
Serratia,clade_marker_size,16.32783975,0.326556795
Pseudonocardiaceae_unclassified,clade_marker_size,13.1905122,0.263810244
Aeromicrobium,clade_marker_size,8.704528265,0.174090565
Arenimonas,clade_marker_size,6.341881257,0.126837625
Streptomyces,clade_marker_size,38.29165711,0.765833142
Adhaeribacter,clade_marker_size,5.286527004,0.10573054
Microvirga,clade_marker_size,14.68461521,0.293692304
Pedomicrobium,clade_marker_size,10.40796657,0.208159331
Cystobacteraceae_unclassified,clade_marker_size,2.083904514,0.04167809
Flavobacterium,clade_marker_size,3.854506257,0.077090125
Phaselicystis,clade_marker_size,3.624608563,0.072492171
Ruminococcaceae_unclassified,clade_marker_size,1.674087427,0.033481749
Verrucomicrobium,clade_marker_size,2.591627413,0.051832548
Nocardioidaceae_unclassified,clade_marker_size,8.456189014,0.16912378
Cupriavidus,clade_marker_size,8.283832333,0.165676647
Ramlibacter,clade_marker_size,4.70613852,0.09412277
Agromyces,clade_marker_size,17.86674459,0.357334892
Hyphomicrobiaceae_unclassified,clade_marker_size,7.63743269,0.152748654
BRC1_genera_incertae_sedis,clade_marker_size,2.14104348,0.04282087
Clostridium_sensu_stricto,clade_marker_size,6.399938418,0.127998768
Iamia,clade_marker_size,5.408235453,0.108164709
WS3_genus_incertae_sedis,clade_marker_size,2.742308775,0.054846176
Clostridiales_unclassified,clade_marker_size,2.186322467,0.043726449
Byssovorax,clade_marker_size,1.593262679,0.031865254
Marmoricola,clade_marker_size,2.804031273,0.056080625
Glycomyces,clade_marker_size,17.99014535,0.359802907
Beijerinckiaceae_unclassified,clade_marker_size,3.444677453,0.068893549
Nevskia,clade_marker_size,4.975659358,0.099513187
Pseudonocardia,clade_marker_size,4.805296208,0.096105924
Burkholderiales_incertae_sedis_unclassified,clade_marker_size,3.569521118,0.071390422
Catenulispora,clade_marker_size,4.828614285,0.096572286
Mesorhizobium,clade_marker_size,9.065855104,0.181317102
Dyadobacter,clade_marker_size,5.977686771,0.119553735
Intrasporangiaceae_unclassified,clade_marker_size,4.458327482,0.08916655
Nocardia,clade_marker_size,4.432051403,0.088641028
Flavobacteriales_unclassified,clade_marker_size,1.540148575,0.030802972
Thermomicrobia_unclassified,clade_marker_size,1.704951723,0.034099034
Luteolibacter,clade_marker_size,2.396170073,0.047923401
Ferruginibacter,clade_marker_size,2.871439077,0.057428782
Geminicoccus,clade_marker_size,2.881322233,0.057626445
Erythrobacteraceae_unclassified,clade_marker_size,3.994075779,0.079881516
Achromobacter,clade_marker_size,6.748075165,0.134961503
Sphaerobacter,clade_marker_size,5.051898446,0.101037969
Herpetosiphon,clade_marker_size,2.442425694,0.048848514
Devosia,clade_marker_size,8.770104111,0.175402082
Roseomonas,clade_marker_size,3.608515709,0.072170314
Dongia,clade_marker_size,2.53656842,0.050731368
Arthrobacter,clade_marker_size,20.6305234,0.412610468
Catelliglobosispora,clade_marker_size,2.730381267,0.054607625
Thermosporothrix,clade_marker_size,2.400781016,0.04801562
Staphylococcus,clade_marker_size,5.22285119,0.104457024
Skermanella,clade_marker_size,3.917461434,0.078349229
Pedobacter,clade_marker_size,5.620524283,0.112410486
Hyphomicrobium,clade_marker_size,2.860838043,0.057216761
Sphingobacterium,clade_marker_size,3.361301289,0.067226026
Duganella,clade_marker_size,2.629878321,0.052597566
Variovorax,clade_marker_size,1.918241379,0.038364828
Inquilinus,clade_marker_size,7.837603342,0.156752067
Methylobacterium,clade_marker_size,2.096531618,0.041930632
Lacibacter,clade_marker_size,1.892701916,0.037854038
Pseudoxanthomonas,clade_marker_size,2.692511372,0.053850227
Dokdonella,clade_marker_size,1.646286003,0.03292572
Labrys,clade_marker_size,3.016017817,0.060320356
Acetonema,clade_marker_size,2.168281957,0.043365639
Chryseobacterium,clade_marker_size,2.243817346,0.044876347
Rhodococcus,clade_marker_size,1.554542074,0.031090841
Terrabacter,clade_marker_size,6.414241175,0.128284824
Lysinibacillus,clade_marker_size,1.493230206,0.029864604
Kutzneria,clade_marker_size,3.912697213,0.078253944
Actinomadura,clade_marker_size,1.865514808,0.037310296
Niabella,clade_marker_size,2.317227725,0.046344555
Blastococcus,clade_marker_size,1.695624955,0.033912499
Luteimonas,clade_marker_size,2.036976908,0.040739538
Bosea,clade_marker_size,2.035425267,0.040708505
Acinetobacter,clade_marker_size,2.202323106,0.044046462
Caulobacter,clade_marker_size,1.631438924,0.032628778
Amycolatopsis,clade_marker_size,2.678671278,0.053573426
Virgisporangium,clade_marker_size,2.072246437,0.041444929
Micromonospora,clade_marker_size,6.903998182,0.138079964
Phycicoccus,clade_marker_size,2.486177353,0.049723547
Pseudolabrys,clade_marker_size,2.332145478,0.04664291
Leifsonia,clade_marker_size,1.480274566,0.029605491
Dactylosporangium,clade_marker_size,2.375498991,0.04750998
Rhizobiaceae_unclassified,clade_marker_size,3.06867872,0.061373574
Asanoa,clade_marker_size,2.177336028,0.043546721
Nonomuraea,clade_marker_size,1.854448735,0.037088975
Ensifer,clade_marker_size,1.556779935,0.031135599
Allokutzneria,clade_marker_size,2.409013438,0.048180269
Enterobacter,clade_marker_size,2.10923392,0.042184678