Order,,,size
Bacteria_unclassified,clade_marker_size,736.8625346,14.73725069
Planctomycetales,clade_marker_size,356.2141584,7.124283168
Acidobacteria_Gp2_order_incertae_sedis,clade_marker_size,358.3228541,7.166457082
Spartobacteria_order_incertae_sedis,clade_marker_size,318.6664539,6.373329078
Burkholderiales,clade_marker_size,536.0007978,10.72001596
Gammaproteobacteria_unclassified,clade_marker_size,171.1363275,3.422726549
Acidobacteria_Gp6_order_incertae_sedis,clade_marker_size,220.0385109,4.400770219
Sphingobacteriales,clade_marker_size,376.379713,7.527594261
Acidobacteria_Gp1_order_incertae_sedis,clade_marker_size,281.2342319,5.624684639
Acidobacteria_Gp3_order_incertae_sedis,clade_marker_size,197.5448388,3.950896775
Subdivision3_order_incertae_sedis,clade_marker_size,108.7066174,2.174132348
Enterobacteriales,clade_marker_size,362.9318665,7.25863733
Betaproteobacteria_unclassified,clade_marker_size,118.4162207,2.368324414
Rhizobiales,clade_marker_size,394.9313504,7.898627009
Myxococcales,clade_marker_size,90.50223045,1.810044609
Actinobacteria_unclassified,clade_marker_size,95.10303862,1.902060772
TM7_order_incertae_sedis,clade_marker_size,109.3062729,2.186125458
Rhodospirillales,clade_marker_size,156.722738,3.13445476
Alphaproteobacteria_unclassified,clade_marker_size,65.93468448,1.31869369
Acidobacteria_Gp4_order_incertae_sedis,clade_marker_size,89.36044249,1.78720885
Proteobacteria_unclassified,clade_marker_size,21.39424833,0.427884967
Gemmatimonadales,clade_marker_size,45.26873002,0.9053746
Bacteroidetes_unclassified,clade_marker_size,44.03862424,0.880772485
Acidimicrobiales,clade_marker_size,77.8047055,1.55609411
Chlamydiales,clade_marker_size,25.92581909,0.518516382
Bacteroidetes_incertae_sedis_order_incertae_sedis,clade_marker_size,53.66601077,1.073320215
Deltaproteobacteria_unclassified,clade_marker_size,20.84693508,0.416938702
Xanthomonadales,clade_marker_size,154.7006264,3.094012528
Acidobacteria_Gp7_order_incertae_sedis,clade_marker_size,30.55767879,0.611153576
Bacillales,clade_marker_size,175.2619106,3.505238213
Actinomycetales,clade_marker_size,392.645471,7.85290942
Anaerolineales,clade_marker_size,70.22042318,1.404408464
Ktedonobacterales,clade_marker_size,48.57902916,0.971580583
Opitutales,clade_marker_size,19.69098202,0.39381964
Acidobacteria_Gp16_order_incertae_sedis,clade_marker_size,39.26884665,0.785376933
OD1_order_incertae_sedis,clade_marker_size,7.17970622,0.143594124
Chloroflexi_unclassified,clade_marker_size,21.60369208,0.432073842
Caulobacterales,clade_marker_size,22.31675489,0.446335098
Sphingomonadales,clade_marker_size,135.5103325,2.710206651
Firmicutes_unclassified,clade_marker_size,20.0266525,0.40053305
Acidobacteria_Gp5_order_incertae_sedis,clade_marker_size,15.80869408,0.316173882
Pseudomonadales,clade_marker_size,34.00362193,0.680072439
Acidobacteria_Gp10_order_incertae_sedis,clade_marker_size,7.74103465,0.154820693
Bdellovibrionales,clade_marker_size,9.6022394,0.192044788
Solirubrobacterales,clade_marker_size,26.12282156,0.522456431
Acidobacteria_Gp17_order_incertae_sedis,clade_marker_size,8.030159152,0.160603183
Verrucomicrobiales,clade_marker_size,14.51999318,0.290399864
Armatimonadetes_gp5_order_incetae_sedis,clade_marker_size,12.11823569,0.242364714
Legionellales,clade_marker_size,3.762108219,0.075242164
Verrucomicrobia_unclassified,clade_marker_size,3.482935523,0.06965871
Caldilineales,clade_marker_size,15.61254766,0.312250953
Acidobacteria_Gp13_order_incertae_sedis,clade_marker_size,4.063326562,0.081266531
Ktedonobacteria_unclassified,clade_marker_size,5.808304272,0.116166085
Nitrospirales,clade_marker_size,13.25656969,0.265131394
Rhodocyclales,clade_marker_size,4.70381078,0.094076216
Alphaproteobacteria_order_incertae_sedis,clade_marker_size,11.69743049,0.23394861
Flavobacteriales,clade_marker_size,7.638472178,0.152769444
BRC1_order_incertae_sedis,clade_marker_size,2.14104348,0.04282087
Clostridiales,clade_marker_size,14.95372282,0.299074456
WS3_order_incertae_sedis,clade_marker_size,2.742308775,0.054846176
Thermomicrobia_unclassified,clade_marker_size,1.704951723,0.034099034
Sphaerobacterales,clade_marker_size,5.051898446,0.101037969
Herpetosiphonales,clade_marker_size,2.442425694,0.048848514
Selenomonadales,clade_marker_size,2.168281957,0.043365639