Phylum,,size_*50,size,
Bacteria_unclassified,clade_marker_size,736.8625345,14.73725069,
Planctomycetes,clade_marker_size,356.2141584,7.124283168,
Acidobacteria,clade_marker_size,1251.970618,25.03941236,
Verrucomicrobia,clade_marker_size,465.0669821,9.301339641,
Proteobacteria,clade_marker_size,2315.114324,46.30228648,50
Bacteroidetes,clade_marker_size,481.7228203,9.634456405,
Actinobacteria,clade_marker_size,591.6760365,11.83352073,
TM7,clade_marker_size,109.3062729,2.186125458,
Gemmatimonadetes,clade_marker_size,45.26873,0.9053746,
Chlamydiae,clade_marker_size,25.9258191,0.518516382,
Firmicutes,clade_marker_size,212.4105679,4.248211358,
Chloroflexi,clade_marker_size,171.0232722,3.420465444,
OD1,clade_marker_size,7.1797062,0.143594124,
Armatimonadetes,clade_marker_size,12.1182357,0.242364714,
Nitrospira,clade_marker_size,13.2565697,0.265131394,
BRC1,clade_marker_size,2.1410435,0.04282087,
WS3,clade_marker_size,2.7423088,0.054846176,