,PWY,Superpathway,Superpathway_PWY,Pathway,104B_1w_ML,104B_3w_ML,104B_4w_ML,104E_1w_ML,104E_3w_ML,104E_4w_ML,104R_1w_ML,104R_3w_ML,104R_4w_ML,104S_0w_ML,105B_1w_ML,105B_3w_ML,105B_4w_ML,105E_1w_ML,105E_3w_ML,105E_4w_ML,105R_1w_ML,105R_3w_ML,105R_4w_ML,105S_0w_ML,108B_1w_ML,108B_3w_ML,108B_4w_ML,108E_1w_ML,108E_3w_ML,108E_4w_ML,108R_1w_ML,108R_3w_ML,108R_4w_ML,108S_0w_ML,109B_1w_ML,109B_3w_ML,109B_4w_ML,109E_1w_ML,109E_3w_ML,109E_4w_ML,109R_1w_ML,109R_3w_ML,109R_4w_ML,109S_0w_ML,201B_1w_ML,201B_3w_ML,201B_4w_ML,201E_1w_ML,201E_3w_ML,201E_4w_ML,201R_1w_ML,201R_3w_ML,201R_4w_ML,201S_0w_ML,202B_1w_ML,202B_3w_ML,202B_4w_ML,202E_1w_ML,202E_3w_ML,202E_4w_ML,202R_1w_ML,202R_3w_ML,202R_4w_ML,202S_0w_ML,206B_1w_ML,206B_3w_ML,206B_4w_ML,206E_1w_ML,206E_3w_ML,206E_4w_ML,206R_1w_ML,206R_3w_ML,206R_4w_ML,206S_0w_ML,207B_1w_ML,207B_3w_ML,207B_4w_ML,207E_1w_ML,207E_3w_ML,207E_4w_ML,207R_1w_ML,207R_3w_ML,207R_4w_ML,207S_0w_ML,209B_1w_ML,209B_3w_ML,209B_4w_ML,209E_1w_ML,209E_3w_ML,209E_4w_ML,209R_1w_ML,209R_3w_ML,209R_4w_ML,209S_0w_ML,301B_1w_ML,301B_3w_ML,301B_4w_ML,301E_1w_ML,301E_3w_ML,301E_4w_ML,301R_1w_ML,301R_3w_ML,301R_4w_ML,301S_0w_ML,302B_1w_ML,302B_3w_ML,302B_4w_ML,302E_1w_ML,302E_3w_ML,302E_4w_ML,302R_1w_ML,302R_3w_ML,302R_4w_ML,302S_0w_ML,306B_1w_ML,306B_3w_ML,306B_4w_ML,306E_1w_ML,306E_3w_ML,306E_4w_ML,306R_3w_ML,306R_4w_ML,306S_0w_ML,309B_1w_ML,309B_3w_ML,309B_4w_ML,309E_1w_ML,309E_3w_ML,309E_4w_ML,309R_1w_ML,309R_3w_ML,309R_4w_ML,309S_0w_ML,310B_1w_ML,310B_3w_ML,310B_4w_ML,310E_1w_ML,310E_3w_ML,310E_4w_ML,310R_1w_ML,310R_3w_ML,310R_4w_ML,310S_0w_ML,411B_1w_ML,411B_3w_ML,411B_4w_ML,411E_1w_ML,411E_3w_ML,411E_4w_ML,411R_1w_ML,411R_3w_ML,411R_4w_ML,411S_0w_ML
PWY_7376,"cob(II)yrinate a,c-diamide biosynthesis II",adenosylcobalamin biosynthesis II,adenosylcobalamin biosynthesis II <- PWY_7376,adenosylcobalamin biosynthesis II,1105.1562,1095.4435,1135.1869,3210.0178,8246.9587,9360.3069,2214.3262,1570.1684,3306.6373,1243.4598,992.6618,1081.2982,1027.8194,3124.7438,8939.8116,8660.904,2668.8327,1944.5589,2392.2389,1278.495,863.386,961.6657,1213.1189,2829.432,6362.0174,9143.1145,3139.9876,1408.1743,1964.0218,1022.0744,849.0631,986.4549,1091.7355,3143.2615,8220.14,7962.1561,2495.4476,1862.2496,2573.5519,2464.347,997.4805,1605.1681,1257.3477,3084.9519,8420.9856,8837.0653,2896.6675,1824.2185,2396.2717,1526.9901,888.0235,1030.7032,1293.7792,3640.3925,9064.6067,9218.9857,1876.0545,1624.0892,2130.5739,1367.8208,924.6278,972.1368,1042.7254,2919.6233,7963.7691,8370.6088,2288.6979,1763.2445,2532.8245,1087.4927,703.8946,1029.9714,1041.5218,2930.4844,7827.0104,8535.1616,2543.0813,1857.0757,1799.5541,1229.7346,862.5334,1180.3121,1034.6718,3897.2053,8981.4238,8803.26,2222.0227,1892.2049,2864.0923,1895.3434,839.9766,1171.9193,987.1648,2960.9717,9019.2735,6914.7691,2825.5981,1806.8249,1819.7539,1567.1693,970.4974,1231.9948,1054.7609,3296.0428,7248.023,8965.9879,2057.9252,2120.8247,2209.575,1266.4132,749.0055,795.8909,1185.3497,2974.7128,7840.1555,8755.4575,1904.0677,2273.8762,1146.0008,661.7049,966.492,1034.3126,3076.3485,8469.2221,6866.4311,2040.7115,1667.1057,2415.5684,1157.1907,842.8077,1259.3603,907.7356,2931.9085,8548.5269,7462.1955,1922.8312,1654.3224,1843.3421,1150.716,948.4936,841.2975,965.4128,2582.4584,7867.7526,8780.2547,1463.8566,1848.8278,1824.2458,1185.062
PWY0_41,allantoin degradation IV,Amine and Polyamine Degradation,Amine and Polyamine Degradation <- PWY0_41,allantoin degradation,22.8125,38.9486,14.8363,110.4912,195.4929,89.4143,88.3911,109.4465,55.0466,26.1338,14.4101,14.9072,23.098,53.2814,104.6205,151.2765,64.5943,130.5418,108.9674,14.7005,14.6412,5.9264,20.1987,130.8225,117.2252,110.1909,74.7605,50.9746,82.9611,25.88,11.5999,14.5562,17.3448,101.2614,87.3268,214.1601,63.806,56.4077,73.5969,29.3715,11.6353,12.0046,5.9456,89.7886,161.7063,93.2625,102.3694,131.2283,67.6986,64.3119,14.3329,17.6981,28.6772,144.33,201.7513,141.9325,71.0007,109.5054,79.5745,26.0018,19.6857,14.4474,9.4557,80.2722,154.6011,157.973,29.565,81.215,127.3086,35.1641,8.7581,20.1851,17.406,69.3545,178.6577,132.9769,41.2181,81.6226,93.7903,32.0203,14.6029,47.8968,28.2753,89.7966,115.6406,133.8707,35.2485,104.0041,37.384,12.4377,19.6696,34.0545,14.5469,109.3523,97.6521,113.6898,46.9213,103.2327,43.3891,35.5966,17.3059,65.8453,95.033,90.788,288.4576,169.233,29.533,170.677,87.9796,20.8781,19.6536,11.6534,54.1401,43.9309,193.9128,133.0624,89.4634,150.8364,30.9435,14.154,11.7432,66.3507,93.7148,93.9262,303.8937,41.1233,70.0045,136.6372,39.6185,18.2083,8.8764,14.6578,113.4996,164.2496,221.7782,45.2012,86.4182,140.6841,28.6221,27.6909,14.5191,12.0236,103.5084,158.8831,202.4731,55.4561,356.8488,114.1474,46.8543
PWY_1361,benzoyl-CoA degradation I,Aromatic Compound Degradation,Aromatic Compound Degradation <- PWY_1361,Benzoyl-CoA Degradation,73.1573,118.4221,96.6717,228.436,158.8816,533.0959,183.5426,254.2871,582.6177,103.2387,66.4737,103.1126,118.7274,483.1702,304.0445,243.9718,304.8383,426.9276,401.8128,143.2529,99.1764,89.9366,137.8336,171.3778,273.9957,284.4958,344.7318,231.3122,351.2221,107.3031,83.307,116.9949,96.4117,269.4854,147.7823,401.7148,291.4167,314.9021,496.5565,112.0953,52.9725,92.4218,109.6006,317.7582,136.1292,310.4174,246.5848,239.3852,388.7622,97.8846,62.9317,64.3955,93.0566,146.7018,263.3341,304.3593,180.4306,248.2031,427.6471,97.5796,50.9581,47.9758,56.3405,207.8122,237.8144,565.8364,246.9052,332.2623,417.0803,81.5764,63.2384,49.3583,97.4885,152.1305,203.0905,145.6759,232.4679,294.3834,351.1338,111.3175,66.4856,118.0843,101.9703,266.3098,250.7742,308.9683,360.5845,319.801,301.3452,105.8268,56.1392,93.5796,115.8438,114.9689,200.3882,177.5855,348.3019,268.6354,262.0546,90.5682,39.1119,90.1894,94.8315,153.0796,395.9484,420.8185,195.4938,364.5284,484.6191,86.7679,38.9001,74.9068,103.7382,97.6113,237.7817,236.96,364.8135,411.246,87.028,68.5053,80.7568,112.5862,162.7541,181.1463,231.4313,168.7825,287.1433,387.9184,115.2202,66.038,70.3666,78.526,205.4042,174.5798,393.0917,192.0358,370.8547,397.2434,112.5308,35.398,56.2855,66.6966,250.7794,120.3332,199.5966,119.28,257.755,368.365,78.3993
PWY_5415,catechol degradation I ,Aromatic Compound Degradation,Aromatic Compound Degradation <- PWY_5415,Catechol Degradation,623.3176,545.9251,562.9141,3456.1881,2470.7196,1739.5681,2304.6177,1236.0181,2143.4675,973.1679,474.7432,656.6867,484.9185,4098.509,1990.2509,1801.4906,2699.8906,1478.0625,1665.3621,635.0931,497.016,540.2929,492.5443,2616.6819,3253.1154,1986.5044,2226.44,1245.3232,2057.7193,612.4648,379.9455,564.2529,601.7363,3091.6139,2572.3389,2227.0286,3090.1047,1517.1593,1906.2696,570.5024,490.6491,870.0256,1320.9749,2780.1074,2616.4036,2005.9403,2522.0185,1265.4992,1766.7064,686.7232,367.1781,583.3064,573.1523,2879.4303,1656.0842,1584.9262,2691.93,1233.8402,1724.1836,1916.4366,412.3495,404.706,499.1226,2345.7837,2145.0046,1832.6381,2763.4527,1369.8483,1557.2489,520.6875,373.4684,604.3868,446.3973,2383.3924,2527.9161,2077.9814,2737.532,1469.0019,1523.8463,637.4801,431.5931,642.8717,532.2038,3378.4912,2127.1257,4777.9228,2580.2001,1679.7844,2782.2833,1343.2071,395.0154,516.6056,606.6238,2293.6001,2381.7012,2147.6387,2888.9053,1357.4383,1953.7839,1274.785,646.3079,729.8346,464.6323,2486.0343,2472.143,1739.0905,2913.9579,1444.2625,1749.3992,649.8874,380.6192,365.2389,435.8479,2430.9205,2391.071,1761.6404,1632.953,1856.5787,494.2066,373.4807,551.4296,498.5463,2553.3103,2322.2521,2335.7544,2594.9586,1389.0693,1402.4363,660.2746,421.463,477.1652,471.2557,2570.0414,1876.4552,2076.2089,2617.8523,1439.4984,1482.5825,622.0057,413.494,716.3528,488.0645,2819.3427,1910.4837,1917.9333,2413.2788,1498.6376,1527.7916,542.9241
PWY_6107,chlorosalicylate degradation,Aromatic Compound Degradation,Aromatic Compound Degradation <- PWY_6107,Chloroaromatic Compound Degradation,110.4507,193.6297,161.0599,696.7913,6050.9744,7277.0473,334.7862,217.4367,485.3277,200.7683,123.0616,156.0481,159.6295,788.4217,7213.2501,6648.1705,415.1444,287.7155,387.044,212.0044,92.6755,107.5493,174.9247,609.5974,4858.0871,7540.3539,522.043,215.4906,379.2294,216.9394,97.9176,123.479,131.4831,582.2781,6472.2005,5987.9194,454.8667,316.8788,446.4265,271.2378,100.6297,138.1969,145.5452,624.6791,6218.1517,7142.6038,397.5822,255.4645,408.175,212.4434,82.571,107.1373,135.9609,598.3145,7284.2725,7401.825,272.5522,272.3439,503.0083,122.6693,88.0258,88.6816,113.6867,567.1637,5524.9418,6251.3919,345.4508,308.5007,367.3166,186.3488,56.7717,88.8597,175.2383,575.5058,5680.775,6521.7174,306.2901,336.3453,339.1055,168.5044,95.4952,162.5313,147.8442,931.9004,6818.8404,5675.3247,442.095,232.1596,301.2642,175.9821,87.0785,207.5895,156.5573,560.7064,6899.4278,4949.5827,527.0276,298.7736,307.5822,185.359,58.6631,156.5492,134.9157,748.8642,4857.4889,7064.7964,233.6732,423.4334,434.5907,145.4143,66.963,120.3561,122.3966,429.8077,5730.4835,6668.4219,375.63,489.2293,189.8615,66.4821,183.0904,151.542,474.9883,6322.6819,4650.5821,290.1844,305.6317,429.1077,227.2166,87.902,92.1796,125.0314,596.8537,6489.5188,5299.7328,279.5406,368.9527,478.3825,223.023,79.0296,74.3038,107.465,708.4324,6040.8307,6949.2048,177.2911,340.8099,480.7081,201.991
GALLATE_DEGRADATION_II_PWY,gallate degradation I,Aromatic Compound Degradation,Aromatic Compound Degradation <- GALLATE_DEGRADATION_II_PWY,Gallate Degradation,135.0579,177.3326,53.1224,1032.6608,1353.259,1213.814,642.0633,450.4468,653.9812,56.4666,60.2427,115.9518,75.7498,1504.2961,1406.6377,1148.7974,1449.6727,627.4918,600.5334,165.8414,37.8321,81.8183,51.6487,871.8345,1788.4355,1090.2913,384.6008,631.4725,711.1011,53.8914,39.7214,70.0625,56.1863,1036.7976,1707.0676,1208.0377,666.1107,720.627,607.2659,45.4242,68.0746,151.5871,76.8508,1107.5227,1488.5737,970.349,581.9991,462.8803,664.4123,77.5946,63.8327,106.677,61.0998,1021.9255,1037.3704,837.7036,707.3948,399.4304,607.2343,73.6469,34.8231,62.6918,63.621,1180.3182,1551.8793,1106.5833,749.9786,538.6729,505.4326,98.4311,33.9562,109.3221,47.4196,1352.9786,1865.4094,1420.7772,1018.3354,732.7308,660.185,185.1245,45.4976,118.2716,87.1756,1336.0851,1422.402,1276.4624,988.6171,800.3394,393.9563,140.6679,54.3485,114.2743,63.9199,1272.5386,1524.8984,1399.4665,801.8944,588.1102,1120.8223,99.817,132.3465,136.2993,64.5089,1187.217,1480.7797,854.9796,906.1761,478.7804,531.2923,111.2321,34.7489,79.577,55.4517,1175.0115,1609.6354,1073.5816,692.2085,544.7106,87.3989,80.2126,160.8035,47.2948,980.1181,1627.5392,1373.6666,659.2312,553.8882,424.7285,174.3901,50.4421,75.1923,50.0376,939.9478,1620.3039,1480.7324,560.5689,618.301,504.0182,64.1089,29.9224,66.9601,46.6971,961.619,1289.6559,1182.2663,853.9004,535.4461,467.9199,74.1987
GALLATE_DEGRADATION_I_PWY,gallate degradation II,Aromatic Compound Degradation,Aromatic Compound Degradation <- GALLATE_DEGRADATION_I_PWY,Gallate Degradation,135.0579,217.4328,221.8592,1032.6608,1353.259,1213.814,642.0633,608.1165,838.5715,105.7969,102.4778,170.6733,164.7264,1504.2961,1406.6377,1148.7974,1449.6727,863.4453,769.4271,170.7151,132.7883,183.1624,171.738,871.8345,1788.4355,1090.2913,384.6008,803.2883,868.088,136.2601,111.6471,150.5773,161.2274,1036.7976,1707.0676,1208.0377,666.1107,893.9281,760.2086,149.9911,130.0058,266.6035,210.1175,1107.5227,1488.5737,970.349,581.9991,622.3525,883.0871,128.0466,88.3499,148.2401,130.9561,1021.9255,1037.3704,837.7036,707.3948,574.9305,805.718,123.9737,53.0365,95.9273,129.3302,1180.3182,1551.8793,1224.3157,749.9786,825.8321,695.375,128.7835,69.755,187.5207,150.3654,1352.9786,1865.4094,1420.7772,1018.3354,918.0969,851.4828,185.1245,89.8431,177.4679,200.7467,1336.0851,1422.402,1276.4624,988.6171,996.1891,518.2573,176.8739,136.2879,157.6621,163.6527,1272.5386,1524.8984,1399.4665,801.8944,814.9926,1120.8223,137.0435,132.3465,155.7271,152.0566,1187.217,1480.7797,894.4691,906.1761,707.8897,706.5953,111.2321,72.6346,114.2504,123.2992,1175.0115,1609.6354,1073.5816,956.86,791.6151,98.3663,80.2126,165.1106,74.1958,980.1181,1627.5392,1373.6666,659.2312,716.3597,595.822,174.3901,88.0127,173.9326,119.5036,939.9478,1620.3039,1480.7324,560.5689,819.4477,786.5933,117.0647,51.3036,149.6524,147.886,961.619,1289.6559,1182.2663,853.9004,571.4453,634.0022,107.7863
PWY_1501,mandelate degradation I,Aromatic Compound Degradation,Aromatic Compound Degradation <- PWY_1501,Mandelate Degradation,81.6043,69.988,62.0501,322.3246,1149.2724,1095,135.0348,169.8853,291.9992,77.3155,86.1973,71.97,70.5262,192.9644,1103.7418,967.3532,186.0012,203.9572,214.0048,104.0668,58.4081,64.4202,81.488,296.685,1265.0538,965.3094,178.2101,169.7571,202.001,92.5456,59.1051,64.0395,81.7447,314.1112,1316.3137,1139.5894,173.6899,228.4121,251.601,118.8207,78.6265,90.7819,74.3563,275.6246,1261.4698,850.5742,116.6009,173.3384,227.6158,88.7504,64.0839,80.3701,67.25,282.9724,840.4652,824.8451,110.8703,190.1528,371.4952,84.0581,76.0503,56.4492,65.7726,306.9229,1338.956,1256.2361,162.6429,201.8846,208.1578,84.9345,46.9149,65.93,60.1454,217.651,1611.5724,1244.3122,123.5772,254.5187,191.4784,76.8153,62.5932,88.7915,85.3807,295.9926,1281.6145,1280.3203,150.5191,179.4261,152.0039,108.2615,63.2091,66.9086,65.7316,224.0792,1371.456,778.4997,152.6499,218.7505,199.2034,92.1464,47.0033,85.7564,65.9687,282.7933,1504.2235,898.523,87.3984,305.3242,274.0364,81.3554,60.8636,54.9796,73.8451,220.8184,1416.5712,1053.7002,270.4541,285.4304,105.0895,51.3755,80.2723,89.2903,236.1304,1431.4996,1344.0816,124.9031,212.7532,231.9928,108.1514,84.0586,82.8564,85.1342,332.196,1273.1027,1478.6604,122.1603,292.0789,263.7792,112.8043,58.0686,80.8456,73.3835,290.5763,817.961,970.4837,77.0164,243.9362,277.5201,102.6784
METHYLGALLATE_DEGRADATION_PWY,methylgallate degradation,Aromatic Compound Degradation,Aromatic Compound Degradation <- METHYLGALLATE_DEGRADATION_PWY,methylgallate degradation,168.1251,269.881,275.2311,1256.9367,1642.4671,1474.5139,788.8084,740.4567,1012.275,131.8373,127.6807,212.1706,204.8108,1824.9902,1702.5423,1395.2643,1758.0008,1039.479,931.3137,212.2479,165.2641,227.5251,213.4768,1062.9019,2131.1921,1328.1639,474.2972,970.8462,1045.4902,169.636,139.0888,187.3396,200.4793,1262.3545,2053.6056,1465.0462,821.3365,1076.4276,922.2266,186.6035,161.8241,330.1605,261.0259,1343.0816,1801.8763,1184.8098,715.3029,756.4481,1059.3571,159.3711,110.1269,184.4141,162.9864,1237.913,1265.8627,1027.025,864.9292,700.6685,970.8235,154.4593,66.1725,119.5353,160.9215,1426.3913,1876.8652,1483.8909,917.2101,994.249,842.3425,160.296,87.0021,232.9607,187.0447,1627.1539,2236.2656,1719.0596,1241.0049,1102.1725,1025.807,229.9833,111.9916,220.5436,249.3267,1613.6544,1723.3458,1556.9223,1213.1259,1194.81,641.8106,219.9084,169.6267,196.0182,203.4709,1536.3334,1845.6108,1691.0864,981.0244,983.7379,1356.7526,170.589,164.8001,193.6741,189.1612,1426.7677,1788.4259,1095.0605,1108.3173,856.4961,869.5529,138.5526,90.5827,142.2934,153.5077,1422.333,1938.3911,1310.4012,1141.5286,954.1678,122.553,100.0154,205.2983,92.5325,1192.6585,1964.7586,1658.2049,810.4549,869.801,727.9518,216.8121,109.7115,216.1371,148.7699,1143.2074,1952.4821,1781.2018,690.217,987.9162,948.2431,145.7932,64.0134,186.1618,183.9176,1159.8246,1563.0216,1436.5337,1044.3962,697.1763,769.4766,134.2433
P281_PWY,3-phenylpropanoate degradation,Aromatic Compound Degradation,Aromatic Compound Degradation <- P281_PWY,Phenolic compound degradation,459.4432,474.4006,632.2736,2479.4507,6924.693,8273.6148,2955.151,1018.9495,1464.7564,862.6988,427.1958,553.2346,459.3534,3733.8041,7845.0444,7500.6667,3076.2907,1274.5267,1236.2091,606.1739,478.0037,423.3074,438.7343,1559.5554,5271.565,8105.9702,1906.9881,912.0137,1435.3769,487.3633,331.5204,439.441,597.1452,2380.0212,7117.5347,6796.4351,4205.5215,1048.8958,1256.5397,479.6135,448.2485,706.7839,1431.307,1887.6181,7179.8915,7739.6736,2859.8082,1032.5488,1102.799,554.2649,423.4659,509.6394,565.6282,1587.2522,8013.2909,8271.6245,2203.5398,1119.6811,1582.3796,2238.9531,368.7255,360.393,502.6441,1721.046,6688.7027,7327.9321,2550.6918,1160.367,1238.1333,459.0049,327.9945,561.5193,450.1358,1384.2671,6664.2211,7410.264,2527.7797,1064.7292,1098.9137,499.7623,411.5654,572.8766,544.4188,2313.9777,7740.291,8288.5966,4743.2026,1153.9306,6243.8954,852.0944,413.4267,416.0049,675.0737,1304.3821,7798.6107,5621.4073,2902.1711,1115.2041,1514.1156,1172.9465,475.3464,763.824,609.3912,1821.2236,6127.2713,7854.1882,3295.4119,1407.2493,1615.1071,593.7845,385.4272,335.1898,483.6085,1563.7055,6677.4083,7651.8542,1320.196,1480.8529,503.2368,340.9285,482.9547,513.9587,1571.9976,7338.1451,5760.4234,3050.8785,1092.343,1294.8853,516.4863,380.9749,468.8795,489.1218,1659.751,7392.8175,6424.1114,2974.3633,1205.6154,1413.1919,587.9073,382.4899,754.9172,493.3395,1498.2208,6757.1121,7681.0807,2786.5147,1369.6914,1231.3398,507.8613
PWY_6071,superpathway of phenylethylamine degradation,Aromatic Compound Degradation,Aromatic Compound Degradation <- PWY_6071,Phenolic Compound Degradation,619.2756,541.2503,550.581,1791.381,1774.7549,1952.8061,2269.2327,656.217,1376.8457,798.7086,485.169,400.0307,533.6909,2917.2736,1492.3219,1598.0872,3063.7879,723.6209,750.7543,891.6084,449.1708,504.2351,573.6565,1302.2374,1968.8341,1428.0828,1412.7415,595.5162,660.8313,674.8593,318.928,503.3799,545.5822,1347.3708,1554.5972,1919.747,1702.2101,840.7381,892.0532,891.8801,502.3261,617.7369,581.9013,1667.2142,2178.2892,1506.7826,2103.256,612.4511,837.0369,893.8168,409.1403,709.4867,498.4009,1471.9136,1633.7419,1397.2289,1699.008,665.0939,1027.9764,729.7084,452.309,360.3453,470.8413,1429.8862,2002.0917,1904.3241,1982.7233,828.4764,781.4037,552.3155,347.9505,541.9228,466.632,1513.4242,1849.8619,1389.7049,2141.7274,774.4401,683.5097,799.7975,420.7742,505.547,429.0122,1730.7523,1707.9226,1642.5971,2214.3862,827.6362,719.2973,934.1367,426.1733,471.846,512.4026,1196.8263,1832.2695,4477.0387,1931.6946,718.4434,3006.3512,1009.0605,637.3738,601.8082,508.3504,1469.1469,2215.1141,1486.2576,1734.0963,872.1484,1162.4803,669.0004,466.9988,320.8257,460.5067,1100.541,2062.2276,1529.9191,914.1837,929.6883,553.7768,418.4634,649.7306,588.0226,1365.1639,2017.5938,2042.0601,1613.2486,731.7859,905.516,809.5655,412.927,545.6992,504.1909,1430.4467,1812.4847,2199.1612,1464.0505,861.1213,815.9681,635.2387,465.9591,448.3211,491.6054,1118.1308,1775.6779,1577.6109,1825.6895,1125.9554,977.6821,589.2521
P184_PWY,protocatechuate degradation I ,Aromatic Compound Degradation,Aromatic Compound Degradation <- P184_PWY,Protocatechuate Degradation,138.7411,212.3026,250.5838,326.6749,1046.8934,1266.0007,360.2781,674.559,942.6674,108.2268,107.1436,167.7779,179.8512,1273.4864,1168.2413,1067.3035,572.7425,967.1438,860.8838,189.7016,142.5986,209.4445,191.9851,314.0182,1445.1292,999.2911,396.506,900.941,977.7547,141.641,120.3882,170.9585,179.7153,227.3412,1254.4167,1201.8498,428.425,1003.0697,853.5735,161.9802,135.2084,263.6351,233.7565,712.152,1137.5479,985.4292,534.7486,689.2532,986.5646,127.7987,90.9503,156.3506,146.4603,358.9655,755.7151,757.9276,246.0519,632.6875,863.4652,125.3556,53.243,102.0063,140.5197,379.4782,1252.2955,1228.1458,411.2294,904.4068,778.5395,126.2395,71.8824,210.667,166.336,288.2489,1561.7511,1201.2538,409.7155,1026.0489,968.6153,178.7591,85.8877,182.4893,217.2441,470.9975,1223.1167,1265.3505,292.1961,1133.3025,584.1259,186.2805,147.1651,152.059,176.5335,330.2984,1286.9097,928.1546,568.6054,910.1797,617.4502,142.8586,89.7624,158.7477,166.7321,255.9221,1417.9172,918.1945,378.8801,761.4977,741.6966,106.7274,78.9919,123.6056,133.804,199.7199,1299.7403,898.1583,1044.9151,862.3286,101.623,81.8872,182.7274,74.295,257.4979,1259.8987,1357.8001,182.9905,799.0121,645.5038,147.1096,94.5532,181.0421,130.0349,258.4947,1141.5705,1496.4078,221.9107,870.9736,842.9174,118.8158,54.773,161.4945,167.3759,153.4243,682.7524,927.9036,71.1742,623.7541,675.9801,112.0462
PROTOCATECHUATE_ORTHO_CLEAVAGE_PWY,protocatechuate degradation II,Aromatic Compound Degradation,Aromatic Compound Degradation <- PROTOCATECHUATE_ORTHO_CLEAVAGE_PWY,Protocatechuate Degradation,2063.5244,2069.2509,2112.386,6349.1641,26286.3075,31687.7534,5730.7679,3313.2147,5536.8658,2327.4189,1857.2299,2023.287,2041.3217,5951.7114,30861.981,29195.0578,6053.1401,3720.5472,4239.5183,2501.1008,1706.4535,1976.7842,2058.2094,5500.8696,19478.7642,31442.4862,4648.2066,2891.918,3628.7536,2112.0307,1502.3781,1973.092,2087.2953,6026.0563,27412.7924,25268.4366,4811.588,3483.7439,4625.3426,3778.1921,1931.518,2573.7394,2210.4756,5916.526,27259.2606,30080.6726,6626.8452,3329.9717,3927.26,2571.0536,1762.8645,2346.8092,2112.5096,7163.2726,31769.1178,32025.4471,5528.5154,3674.7308,4436.6679,2468.5817,1992.0782,1857.5722,2171.9851,6655.5888,24820.2721,27396.2473,5974.4235,3755.6632,4368.0246,2226.7379,1557.888,2060.2939,2047.4399,6333.6973,24583.5984,28150.2301,5304.1058,3602.6022,3488.5351,2276.1334,1715.3878,2261.1759,2069.152,7575.8815,29627.0966,23721.4846,6732.9286,3496.0636,4077.641,2869.3574,1730.5566,2181.1157,2093.4771,6171.8083,30027.9856,24326.2158,5479.6325,3525.9104,7398.5721,2939.4129,1809.6928,2322.6239,2107.4139,7030.5747,21815.5524,30304.532,5399.1262,4462.7443,4265.4311,2360.7949,1737.4434,1735.6336,2114.9841,6180.6918,25190.8147,29393.6556,3904.9797,4369.0082,2267.0714,1600.5817,2177.5896,2212.6651,6881.4608,27815.6724,20646.6574,5113.5321,3335.3631,4544.3768,2348.5289,1895.1979,2468.7611,2071.7516,6817.8026,29100.1532,23545.7533,4734.9774,3733.0615,4019.2344,2367.5543,1941.5202,2028.4911,2194.7534,6984.5643,26900.1069,29962.3121,5452.9031,4353.832,4037.6193,2329.433
PWY_6339,syringate degradation,Aromatic Compound Degradation,Aromatic Compound Degradation <- PWY_6339,syringate degradation,249.1719,346.6616,336.1323,1068.8673,1892.8869,2146.2614,1102.0135,884.9323,1196.7665,136.8925,131.3913,247.4747,235.7682,2399.8691,2093.555,1900.6971,2504.6803,1263.787,1134.2492,324.8674,193.5069,265.5193,254.8516,647.9005,2450.1156,1776.7892,676.3452,1186.9377,1274.3915,182.9814,160.4264,217.7148,224.7535,611.9367,2253.8497,2041.4801,1112.5519,1283.6625,1117.7215,203.3497,177.9201,400.7621,305.9257,1310.7958,2031.3362,1715.3115,962.4437,907.6936,1276.6274,166.1207,126.6337,210.4435,177.1121,889.2818,1435.2309,1382.1372,1249.3743,828.495,1120.3304,165.0424,69.3075,126.1735,175.3811,797.4476,2204.0767,1987.9306,1288.6016,1225.3819,1014.5626,194.3292,92.4569,275.6188,218.3045,819.6518,2668.939,2132.8251,1738.6106,1300.7792,1251.2255,347.86,120.0978,247.1235,294.4851,1147.1944,2157.8861,2195.3037,1794.5642,1444.7021,816.5486,276.5986,188.9284,226.1578,239.9913,698.6935,2265.2174,1776.7306,1331.9943,1178.2568,1910.7742,197.2242,251.3861,267.8307,210.3245,578.267,2376.1255,1582.7164,1553.1286,989.2171,1044.9048,199.7908,91.4617,157.551,168.0801,440.2383,2286.5282,1632.8595,1335.9564,1126.1441,172.7693,153.7493,315.0898,94.0395,571.2875,2253.439,2280.6728,1177.8566,1034.1418,862.2421,332.0159,111.2147,246.4576,155.817,556.9383,2122.627,2474.7509,998.6157,1139.3938,1142.4306,150.558,60.738,203.439,205.2662,518.0777,1356.7089,1729.5477,1542.2541,980.5872,894.821,146.9224
PWY_7098,vanillin and vanillate degradation II,Aromatic Compound Degradation,Aromatic Compound Degradation <- PWY_7098,Vanillin Degradation,127.014,207.7768,98.3959,263.4736,974.0783,1211.2983,302.4258,603.5331,866.7504,81.9819,84.827,151.4786,118.8638,1238.7608,1102.8994,1029.641,510.2573,857.4718,792.9038,178.7987,67.3452,131.2717,91.3835,252.5285,1342.4576,929.0355,375.407,829.0701,919.579,87.0284,66.998,111.2334,95.023,176.3151,1173.8003,1131.8798,386.4189,930.8016,794.5176,79.3381,100.8356,214.6079,129.1342,656.4968,1048.8888,930.0097,515.8508,615.453,886.18,106.162,81.582,138.5839,95.1686,301.9996,670.5424,687.2108,207.9076,547.6132,794.2495,103.1526,45.5254,85.4519,96.4488,311.4513,1156.2932,1192.1574,378.4952,763.704,689.5248,120.9484,51.1392,160.2936,82.3732,235.1519,1468.5922,1136.6592,372.8065,950.6914,879.0821,164.132,66.0442,158.7656,138.1416,398.9556,1133.174,1176.6397,242.3788,1054.0044,532.8241,175.9588,88.3991,144.6746,105.4723,272.4184,1191.493,838.497,532.2319,800.1509,565.0141,129.6472,79.8773,159.8812,103.0363,193.5299,1310.6204,856.9168,347.7317,657.0854,694.705,98.4454,52.9816,106.6578,86.4103,156.5725,1211.6074,823.4496,931.6928,748.636,98.967,72.6848,175.5647,62.8969,201.3616,1181.8222,1275.321,154.5591,729.6013,571.7384,127.7715,71.9142,117.1848,79.4163,184.1928,1047.9235,1405.57,192.9088,805.8416,711.3188,91.4074,41.7721,104.1055,81.3457,103.0961,608.188,849.6428,57.0456,616.839,618.3867,96.8704
PWY_6338,superpathway of vanillin and vanillate degradation,Aromatic Compound Degradation,Aromatic Compound Degradation <- PWY_6338,Vanillin Degradation,114.4403,189.6946,88.3772,235.7598,871.2641,1083.269,270.1082,552.3552,791.3989,73.3976,76.3452,137.6159,107.1086,1131.0783,986.0151,920.4307,457.5381,785.2466,728.4895,161.1488,60.3657,118.6902,82.0434,226.8857,1207.2155,829.6988,338.894,765.8191,850.9724,77.9904,60.2985,100.2781,85.4969,157.6134,1050.8179,1013.5354,347.162,859.8893,730.6595,70.8131,90.7109,194.712,116.2096,594.5416,938.4905,830.7857,462.3737,566.463,817.1789,95.2731,73.628,124.5671,85.5711,271.1749,598.0724,612.9679,185.762,498.666,725.2994,92.5182,40.7831,77.0274,86.7641,279.5634,1036.1057,1067.0309,339.0245,695.0724,629.5418,108.9833,46.0245,145.2856,74.0277,210.6358,1318.6811,1017.0989,334.2667,875.5148,809.4434,148.3393,59.3919,143.6996,124.9596,358.6791,1013.5492,1054.3778,216.4384,966.9512,486.2227,159.3132,79.7384,131.1228,94.7006,245.0382,1066.0407,748.7125,478.431,733.327,505.2694,116.2352,71.7276,144.3623,92.7493,173.0608,1176.8331,765.1272,311.7431,596.5341,631.6914,88.5923,47.5266,96.6671,77.8809,140.2337,1085.7257,735.3704,852.3722,682.5204,89.0852,65.4965,159.3649,56.42,180.4,1058.0125,1145.8133,138.0089,669.3446,521.8608,115.0242,64.7261,105.656,71.4599,164.777,937.0285,1261.7167,172.5854,737.2002,647.276,82.1978,37.4933,93.9155,73.0239,91.9947,542.6507,758.759,50.7827,560.1019,562.8583,87.259
PWY_7097,vanillin and vanillate degradation I,Aromatic Compound Degradation,Aromatic Compound Degradation <- PWY_7097,Vanillin Degradation,114.4403,189.6946,88.3772,235.7598,871.2641,1083.269,270.1082,552.3552,791.3989,73.3976,76.3452,137.6159,107.1086,1131.0783,986.0151,920.4307,457.5381,785.2466,728.4895,161.1488,60.3657,118.6902,82.0434,226.8857,1207.2155,829.6988,338.894,765.8191,850.9724,77.9904,60.2985,100.2781,85.4969,157.6134,1050.8179,1013.5354,347.162,859.8893,730.6595,70.8131,90.7109,194.712,116.2096,594.5416,938.4905,830.7857,462.3737,566.463,817.1789,95.2731,73.628,124.5671,85.5711,271.1749,598.0724,612.9679,185.762,498.666,725.2994,92.5182,40.7831,77.0274,86.7641,279.5634,1036.1057,1067.0309,339.0245,695.0724,629.5418,108.9833,46.0245,145.2856,74.0277,210.6358,1318.6811,1017.0989,334.2667,875.5148,809.4434,148.3393,59.3919,143.6996,124.9596,358.6791,1013.5492,1054.3778,216.4384,966.9512,486.2227,159.3132,79.7384,131.1228,94.7006,245.0382,1066.0407,748.7125,478.431,733.327,505.2694,116.2352,71.7276,144.3623,92.7493,173.0608,1176.8331,765.1272,311.7431,596.5341,631.6914,88.5923,47.5266,96.6671,77.8809,140.2337,1085.7257,735.3704,852.3722,682.5204,89.0852,65.4965,159.3649,56.42,180.4,1058.0125,1145.8133,138.0089,669.3446,521.8608,115.0242,64.7261,105.656,71.4599,164.777,937.0285,1261.7167,172.5854,737.2002,647.276,82.1978,37.4933,93.9155,73.0239,91.9947,542.6507,758.759,50.7827,560.1019,562.8583,87.259
3_HYDROXYPHENYLACETATE_DEGRADATION_PWY,4-hydroxyphenylacetate degradation,Aromatic Compound Degradation ,Aromatic Compound Degradation  <- 3_HYDROXYPHENYLACETATE_DEGRADATION_PWY,4-hydroxyphenylacetate degradation,304.9214,296.6984,206.8495,1475.9546,942.9332,1093.6661,1791.9944,499.0621,903.5242,198.4856,218.8578,166.4828,178.5039,2261.9501,876.7201,568.9301,2623.4352,642.9359,673.1723,401.8132,135.2132,153.4991,137.5187,732.2318,1650.6926,1004.9882,848.1811,383.6457,553.1308,192.8629,130.6112,235.3254,156.777,894.6929,1102.1525,1222.4244,1200.0898,483.3039,786.2145,1057.2408,174.5789,397.1698,203.174,1335.3954,858.5558,833.9098,2624.6544,453.0959,630.9441,255.3916,170.6908,274.9738,256.6235,1343.2917,1076.5221,824.4866,2477.7504,552.1321,876.9481,247.3789,214.2257,208.8301,223.6934,1379.4837,840.0119,1224.1481,2531.5584,659.9838,676.2758,241.2793,129.7433,223.2297,201.5876,1133.5091,1028.0808,696.5937,2073.8198,555.3055,566.2136,393.1633,189.3492,280.9318,218.6815,1562.9143,1053.3113,920.9835,2529.3143,481.2381,522.3317,309.2667,167.1639,238.4857,214.0769,833.6687,1086.7313,2454.5106,1945.8792,565.3518,2119.3933,285.843,336.7486,258.8469,202.6822,1347.6636,1356.0345,1138.6978,2269.6445,757.0079,1004.1386,257.7231,196.8183,108.7504,184.1785,793.1265,1063.4252,781.5114,719.0567,896.2916,291.4088,202.3962,344.0725,285.3298,1212.5088,865.3091,899.2814,1794.0882,513.2119,792.741,420.6783,167.9071,330.5948,193.2373,1289.2263,584.1524,969.1488,1778.3032,662.2894,768.5464,278.742,133.848,195.8113,227.1954,1590.2986,984.2794,838.7036,2613.5801,757.5324,760.9984,226.903
PWY_6182,superpathway of salicylate degradation,Aromatic Compound Degradation ,Aromatic Compound Degradation  <- PWY_6182,Aromatic Compound Degradation ,422.1338,487.1144,490.7125,2050.7747,1742.4141,1684.2166,2968.3529,755.864,2098.395,610.4544,318.8035,412.1348,460.9141,2486.0231,1473.0127,1231.2162,2890.9478,914.9318,1275.7274,631.8595,337.3479,469.6433,553.5132,935.5228,1496.5868,1140.4639,2070.5589,534.2389,780.8507,511.6475,231.6248,454.3851,431.8993,1382.8854,1455.5479,1605.5464,1948.3403,763.5874,1709.2889,1020.903,353.2365,709.2813,535.2175,1621.1474,1980.7643,1197.269,3361.2745,788.8939,1131.5197,809.0374,275.018,605.0326,493.0663,1648.6649,1757.5645,1086.7315,2481.3016,890.4664,991.1579,594.3758,284.4474,309.3383,412.1506,1836.5436,1783.4487,1468.9573,2861.9309,1016.0302,1462.3693,424.4785,231.0948,447.3943,415.9545,1395.1654,1720.6327,1227.1019,2542.0632,733.6676,886.1756,612.0166,300.2807,594.1978,458.1165,1669.3687,1728.8246,1380.9592,3266.3113,973.9761,1450.9229,1198.2042,266.0097,465.2443,501.5122,972.2345,1702.1625,4385.4023,2745.5341,730.5363,2790.9512,826.8373,370.6042,521.5276,470.3141,1593.7881,1848.7149,1255.3033,2422.1297,1256.67,1285.8855,503.1007,275.8126,276.2632,495.5588,935.7748,1880.1757,1236.8483,895.5608,1234.152,404.7555,271.1904,446.0111,445.8305,1378.5504,1600.7703,1472.0136,2250.9466,788.3243,1584.2055,557.7429,260.0024,559.0156,339.2594,1304.6303,1773.3933,1516.7961,1950.5487,826.581,1045.7479,436.7046,228.7643,373.7676,362.5602,2087.9922,1814.1927,1376.7226,2608.3517,1382.4126,1172.0625,373.2599
BENZCOA_PWY,Benzoyl to CoA,Aromatic Compound Degradation ,Aromatic Compound Degradation  <- BENZCOA_PWY,Benzoyl-CoA Degradation,7.722,3.265,2.2033,0,0,0,0,7.4063,7.7992,3.2776,8.3909,2.614,9.9167,0,0,0,6.1085,7.8078,12.3098,3.6221,12.8065,5.7091,10.3014,3.9611,0,1.3696,5.2445,8.556,15.5006,6.8509,6.4304,4.2819,7.5758,0,0,0,3.6787,12.6755,14.3372,4.1496,10.1962,6.1461,5.1452,4.3279,0,0,6.1711,13.3075,19.761,4.6051,10.5859,3.7178,10.5711,0,0,2.269,6.0975,6.0059,6.4297,10.0245,8.1423,6.9475,3.0165,3.4796,0,1.6394,0,6.2839,18.0422,8.7262,11.0256,6.8044,3.2132,0,0,0,0,15.5076,7.8365,2.3796,7.5328,2.5268,10.5478,0,0,0,0,11.0536,11.4887,6.21,11.2227,5.8874,3.4122,1.1731,0,0,6.2822,15.8104,6.406,4.9212,7.7415,5.6409,10.1114,2.4128,0,0,0,3.4851,3.0272,7.4761,12.9233,6.5057,12.2108,2.4036,0,0,8.2278,16.7381,10.5585,10.455,3.3653,5.6094,0,0,0,5.8227,3.5684,7.9144,7.9079,8.3502,4.2101,7.2518,0,0,1.6142,3.1256,6.9926,6.3785,4.6362,5.0357,2.4952,2.4717,2.3327,0,0,0,14.012,7.1273,6.7653
CENTBENZCOA_PWY,benzoyl-CoA degradation II ,Aromatic Compound Degradation ,Aromatic Compound Degradation  <- CENTBENZCOA_PWY,Benzoyl-CoA Degradation,10.9856,4.5843,2.0364,1.5,0.5,0.5,3,7.75,7.3733,3.2897,8.0462,10,10.5296,0,0,0,5.8105,6.6116,10.022,6,14.7129,5.8537,10.2295,5.2057,0.25,1.1429,5.7436,8.25,11.6226,7.3412,9.3292,5.9414,6.8571,0.8889,0.25,1.2308,6,10,14.1163,4.1379,11.0345,8.2759,5.5951,4.5843,1.8462,1.5584,9.1429,12.6412,17,5.4676,14.6341,6.5,10.6859,3.3588,0.5,3.2897,7.814,6.1849,4.8,11.3267,9.1513,8.25,11.0118,6.0377,0.32,1.5584,3.5,11.4123,18.3852,12.5714,10.9714,6.4336,3.1807,1.5094,0,1.75,5.5,13.6216,6.4336,3.8095,9.1228,4.9655,10.0398,1.7778,0.75,0.32,2.5,9.194,10.4899,6.6116,12.804,7,3.6706,1.8065,0.5,0,7.5,13.8117,5.9661,9.3867,8.1455,5.0683,11.6726,4.2532,2.7429,0,2.75,5.75,2.25,13.9585,13.2283,9.5614,10.9292,4.5902,0,0.5,8.1455,17.6057,10.1366,10.0403,3.4413,4.9231,1.25,0.32,1.28,4.25,2.7586,9.4382,7.949,7.6125,3.1807,6.6555,1.2308,0,1.5094,2.25,6.0377,5.1459,3.6706,10.835,4.6377,4.4094,3.6923,2.4615,1.2308,1.5584,12.6316,7.6125,6.25
PWY_5180,toluene degradation I,Aromatic Compound Degradation ,Aromatic Compound Degradation  <- PWY_5180,Toluene Degradation,786.0988,787.0065,772.887,3754.6469,3643.1334,2589.8216,4002.3648,1383.0476,2285.536,1144.0843,635.4439,816.2516,682.8383,5539.6917,2992.3619,2586.5269,5070.0481,1649.4884,1793.7069,822.7603,624.2184,725.8125,663.3777,2905.4458,4213.5785,2890.5414,2491.2451,1426.6802,2234.2064,740.4378,509.2311,759.8891,778.2382,3364.569,3554.3185,3183.0616,5372.5112,1696.4251,2048.6853,983.9865,659.4566,1225.3752,1495.3925,3162.4694,3470.1303,2813.716,3679.5776,1450.9879,1926.752,866.0287,528.9896,738.6623,762.5267,3117.4083,2582.1408,2487.2608,3482.3766,1329.5947,1894.9051,2238.6051,578.6711,541.8516,664.7836,2680.2633,3147.1988,2718.4898,3962.166,1520.2447,1708.6993,698.4821,496.2943,820.2875,604.5305,2831.8397,3532.2458,2962.7617,3971.7517,1622.2676,1653.4181,808.3285,576.9655,825.2168,728.3588,3735.5492,3027.3361,7257.136,6475.6378,1790.68,7079.1434,1487.806,573.6958,733.6643,792.4044,2640.0677,3387.7789,3439.7095,4229.296,1546.3989,2532.0213,1468.4364,802.1467,938.2261,656.4225,2693.9914,3535.4549,2779.6265,4875.1769,1616.4282,2075.453,826.0554,525.762,528.8948,597.5227,2685.7587,3364.534,2745.1223,1836.251,2007.2273,698.2545,503.1039,772.0236,670.6581,2777.4542,3285.6181,3047.2861,4151.3309,1574.2728,1575.2362,829.0041,562.6431,707.7404,662.9254,2838.9229,2875.4206,2813.0471,4014.0765,1580.9721,1615.2004,839.2523,606.0741,904.9306,689.6677,3058.3748,2887.612,2902.2122,4322.3292,1645.685,1639.1787,738.2667
PWY_5182,toluene degradation II,Aromatic Compound Degradation ,Aromatic Compound Degradation  <- PWY_5182,Toluene Degradation,786.0988,787.0065,772.887,3754.6469,3643.1334,2589.8216,4002.3648,1383.0476,2285.536,1144.0843,635.4439,816.2516,682.8383,5539.6917,2992.3619,2586.5269,5070.0481,1649.4884,1793.7069,822.7603,624.2184,725.8125,663.3777,2905.4458,4213.5785,2890.5414,2491.2451,1426.6802,2234.2064,740.4378,509.2311,759.8891,778.2382,3364.569,3554.3185,3183.0616,5372.5112,1696.4251,2048.6853,983.9865,659.4566,1225.3752,1495.3925,3162.4694,3470.1303,2813.716,3679.5776,1450.9879,1926.752,866.0287,528.9896,738.6623,762.5267,3117.4083,2582.1408,2487.2608,3482.3766,1329.5947,1894.9051,2238.6051,578.6711,541.8516,664.7836,2680.2633,3147.1988,2718.4898,3962.166,1520.2447,1708.6993,698.4821,496.2943,820.2875,604.5305,2831.8397,3532.2458,2962.7617,3971.7517,1622.2676,1653.4181,808.3285,576.9655,825.2168,728.3588,3735.5492,3027.3361,7257.136,6475.6378,1790.68,7079.1434,1487.806,573.6958,733.6643,792.4044,2640.0677,3387.7789,3439.7095,4229.296,1546.3989,2532.0213,1468.4364,802.1467,938.2261,656.4225,2693.9914,3535.4549,2779.6265,4875.1769,1616.4282,2075.453,826.0554,525.762,528.8948,597.5227,2685.7587,3364.534,2745.1223,1836.251,2007.2273,698.2545,503.1039,772.0236,670.6581,2777.4542,3285.6181,3047.2861,4151.3309,1574.2728,1575.2362,829.0041,562.6431,707.7404,662.9254,2838.9229,2875.4206,2813.0471,4014.0765,1580.9721,1615.2004,839.2523,606.0741,904.9306,689.6677,3058.3748,2887.612,2902.2122,4322.3292,1645.685,1639.1787,738.2667
PWY_5184,toluene degradation VI,Aromatic Compound Degradation ,Aromatic Compound Degradation  <- PWY_5184,Toluene Degradation,13.6454,4.6809,2.2974,0,0,0,0,8.7121,6.3841,2.6535,9.1957,6.9124,9.5872,0,0,0,6.6312,7.19,10.972,7.0894,16.2751,5.6874,11.8625,3.4161,0,1.2556,5.2228,8.2054,14.2543,7.1024,4.9441,3.0409,7.3367,0,0,0,5.1333,12.2033,11.8302,5.2581,10.1045,6.9504,4.5227,5.2593,0,0,5.236,11.6037,19.2944,4.5179,14.4027,8.7887,11.4505,1.8039,0,1.6986,7.1669,7.2523,5.7068,11.1909,8.9885,9.0025,8.4986,3.572,0,1.3908,0,13.6816,18.8114,11.5206,8.9975,7.2984,2.6669,0,0,0,0,18.0149,6.7348,4.5115,6.1457,1.8761,11.33,2.7843,0,0,0,10.2971,9.4553,7.8733,10.737,8.1977,2.9939,2.3395,0,0,6.6691,15.847,5.8668,6.0958,9.2227,4.8778,11.4633,1.8237,0,0,0,7.1498,2.8233,11.9749,13.5784,4.7487,10.9457,1.9335,0,0,6.7388,13.41,9.6714,9.7052,2.726,5.1556,0,0,0,5.5381,3.1234,5.3767,6.621,6.9438,3.7209,6.2862,0,0,1.4292,3.1156,5.4883,5.7875,4.5098,3.4008,1.593,1.8326,1.4118,0,0,0,11.9434,5.3981,8.611
PWY_5181,toluene degradation III,Aromatic Compound Degradation ,Aromatic Compound Degradation  <- PWY_5181,Toluene Degradation,661.3907,669.0506,715.1967,1763.646,3514.3953,4511.3488,1989.5246,886.723,2916.5384,919.3017,510.7804,611.406,624.2476,2777.818,3168.3878,3400.0917,3268.1999,1225.5809,1671.2012,952.8489,489.557,652.2926,747.4793,1251.6317,2170.5073,2624.3083,2637.6271,781.4756,1099.507,765.0084,345.4877,640.5903,618.4068,1258.7429,2356.4681,3955.2422,1859.6772,1092.8395,1950.564,1664.7718,542.6519,1104.8428,712.8644,1684.7923,3091.4433,2649.5746,2211.1668,967.3549,1488.6012,1260.4641,428.4671,713.7713,774.6602,1457.072,4119.815,3237.9741,2088.8246,1034.0423,1362.805,872.9212,447.0298,446.762,578.799,1400.6354,3708.0953,4900.4574,2156.5908,889.4874,1791.5554,604.1913,377.4492,662.8931,556.5888,1497.1245,3023.0751,2767.4593,2715.3774,991.7854,1084.7847,884.6298,448.9772,820.2726,606.0206,1848.2752,4098.745,3747.1793,2533.7311,1341.3553,1596.397,1697.3543,436.0602,641.953,581.0883,1134.3832,3140.3996,9374.811,2254.3536,895.8095,2852.8163,1168.8859,588.674,724.8385,643.6323,1541.0033,4269.9763,3947.3979,2097.7105,1338.1571,1698.9886,818.439,434.3156,378.8406,683.3415,1084.4105,3823.9824,3309.5929,962.8678,1345.162,585.2918,402.7687,628.8952,624.7163,1268.9562,3382.738,4142.239,1831.8475,959.9273,1837.6154,823.7376,422.5271,843.3391,483.4489,1335.6467,3750.6441,4137.4585,1804.5937,1011.0705,1042.7543,656.8288,413.7848,549.1443,528.3423,1204.1183,3961.8724,4081.1778,2219.8518,1328.6752,1273.3928,600.1276
CODH_PWY,reductive acetyl coenzyme A pathway I,Autotrophic CO2 Fixation,Autotrophic CO2 Fixation <- CODH_PWY,Autotrophic CO2 Fixation,1363.7265,1277.5005,1160.7354,559.6544,258.1074,140.6107,394.8622,1093.5482,1092.3296,1343.2263,1509.3532,1313.3954,1276.1346,159.9822,240.8355,215.2609,420.9967,1047.7317,1096.6849,1239.9748,1706.992,1327.7904,1341.5723,785.629,434.4991,193.7015,738.1564,1347.0836,1312.4971,1319.0107,1600.4542,1222.6377,1215.0784,801.8516,262.5788,194.7153,786.8162,1131.7208,1245.6213,1247.8684,1435.6911,1088.8581,1172.9038,827.6678,169.0987,357.807,572.7091,1221.8745,1351.0559,1152.5131,1393.9569,1026.5388,1066.2934,508.9033,75.5374,188.0276,471.315,813.5755,958.1693,1125.7935,1416.1749,1187.3054,1063.2138,791.5269,242.6739,180.5679,552.3178,1040.8914,1199.4501,1277.4158,1397.7919,1143.322,1261.0222,523.2641,151.1389,245.0418,616.6406,1097.4181,1279.7692,1189.6271,1434.1515,1276.474,1353.1489,516.9169,171.7559,133.0064,383.5693,1010.1826,722.7126,1272.1215,1381.0242,1399.8183,1077.8179,701.175,234.8493,121.3915,668.4469,1264.4524,824.3558,1259.8207,1190.1316,1002.793,1073.9845,513.635,183.0656,153.5048,386.3793,845.5273,1002.66,1123.9688,1316.3994,1303.0126,1167.15,771.7194,269.4412,218.7513,973.3059,1170.4935,1295.4454,1405.1199,1097.1597,1529.7566,803.8551,187.1518,183.007,690.46,957.0655,1016.8606,1191.3524,1174.594,1107.4345,1176.9258,724.2846,130.9889,149.5959,633.6878,814.1484,966.3143,1247.1829,1101.6015,1003.4131,1183.2905,277.0575,170.3085,235.4846,337.4009,891.1971,1104.9533,1166.0806
P42_PWY,incomplete reductive TCA cycle,Autotrophic CO2 Fixation ,Autotrophic CO2 Fixation  <- P42_PWY,Reductive TCA Cycles,13759.0591,13865.7304,13288.7173,6656.101,5585.4246,4698.1837,8188.5975,10838.7697,9672.4435,13874.82,14092.9353,13823.3224,13491.9201,6766.7103,4400.8974,4889.316,8900.9947,10666.262,10507.8918,13051.3234,14493.1483,13482.1748,13870.6666,7327.6026,5581.5709,4390.4419,8016.7152,11945.4737,10696.0696,13344.4287,14976.7934,13657.6712,13145.2997,7052.8035,4439.2704,6023.1122,11926.8633,11245.863,10835.0567,13280.449,14080.5835,12236.0535,13246.1969,7321.2958,4827.8173,4885.9741,9378.5594,11721.7598,10274.9126,12795.0442,14227.8869,13036.4094,13064.5774,7785.0138,4270.3615,3874.6362,9255.3122,10508.6125,10317.7984,13362.7558,13369.1864,13835.4967,12927.6211,7217.2324,5069.135,5396.9653,8934.6969,10936.8436,10303.9564,13284.7866,14201.4069,13034.2366,13333.7578,6644.4347,4951.1541,4354.7887,9839.9375,10381.0835,11048.4465,12829.3313,13905.5206,13478.9368,13760.7135,7622.1748,4869.1139,7534.9719,9087.9187,11168.9556,13401.3209,12917.8237,14009.2483,13742.4598,13339.0855,7400.0895,4687.2492,4385.4159,9750.6672,11310.4524,7658.186,12806.0933,13705.4589,12944.9077,12983.9617,6423.3277,5348.1913,4945.3512,9793.4623,9712.1632,10989.8449,12740.6915,13320.7511,13872.8403,13480.9708,6920.0866,5076.8936,4594.1013,10460.6286,10265.1145,13100.9802,14054.6802,12926.6155,14017.1839,7510.5478,4453.7486,5763.5514,10704.9405,11579.4296,10845.2928,12946.4145,13337.6132,13017.752,13312.931,7151.2127,4503.7103,4870.0984,10189.5807,10325.3651,10844.0612,13343.8126,12593.4621,12992.2442,13514.0779,5578.5904,4330.1087,4747.2724,8626.4272,10383.5615,10778.1111,12846.3225
P101_PWY,ectoine biosynthesis,Biosynthesis,Biosynthesis <- P101_PWY,Amine and Polyamine Biosynthesis,216.6762,176.6914,150.0037,2198.6498,3026.8899,2158.4318,501.2623,441.289,632.4015,223.5102,177.0769,158.9247,146.7494,781.062,2676.6402,1981.321,520.2348,539.1851,593.2704,245.4338,157.4573,115.2017,166.2287,2174.7744,3432.1507,2137.2691,611.5484,415.0832,563.0503,200.1331,138.4417,137.5169,187.4569,2175.9972,3150.5032,2463.1392,575.5768,522.31,639.6303,287.984,199.4331,210.4667,172.7263,2045.8415,3182.9651,1882.6741,523.8749,447.865,572.2267,220.0213,145.6918,160.366,149.3139,1980.3182,2650.5632,1919.9818,422.9411,425.2284,566.6636,218.909,191.0713,118.8146,140.5494,2365.9578,3066.2268,2139.5244,474.5602,477.4003,549.8513,237.0859,124.4536,144.7272,122.2134,2766.5839,3157.9965,2327.849,549.1216,525.8238,422.0753,218.9916,128.256,224.5201,150.3651,2409.2484,2785.4283,4909.1172,416.6396,601.2033,443.4542,228.2653,155.4829,161.1808,133.8244,2711.0978,2696.0183,4354.3875,556.3322,482.702,409.7163,297.1552,171.0267,231.8005,211.0739,2547.5831,2848.4892,2188.878,524.9946,630.1654,482.5853,265.3577,147.4846,112.8579,174.1188,2727.287,3077.454,2124.248,585.357,626.381,220.2369,122.2276,167.1589,202.1601,2218.4088,2866.7565,2480.3081,437.1559,493.5377,435.6161,270.8656,170.4196,167.328,167.8455,2489.1203,2969.5327,2271.7879,472.3361,544.0416,478.8131,278.8688,174.3477,204.191,194.3462,2801.6032,3054.6604,2230.8685,570.8462,755.1566,475.9736,241.1844
PWY_7371,"1,4-dihydroxy-6-naphthoate biosynthesis II","Cofactor, Prosthetic Group, Electron Carrier, and Vitamin Biosynthesis","Cofactor, Prosthetic Group, Electron Carrier, and Vitamin Biosynthesis <- PWY_7371","1,4-dihydroxy-6-naphthoate biosynthesis",5544.1309,5631.8393,5266.0496,2022.3799,1074.2991,820.4026,1459.7109,4317.252,3094.4801,5476.1339,5613.4695,5403.9218,5522.2903,1158.7394,968.4079,1238.9687,1749.2342,4124.1752,3734.6344,5299.1338,5416.0012,5422.1065,5322.5053,2033.9955,1373.0911,938.7584,2486.4249,4384.2284,3744.6021,5785.5182,5769.8542,5537.1083,5442.4064,2263.2337,1217.1763,1174.5487,2759.0286,4128.0979,3657.6872,4969.903,5693.1467,4753.439,4919.9863,2306.0446,1160.0693,1053.2732,2158.8456,3950.1216,3367.1986,5184.9906,6011.9401,5594.3979,5652.3956,1851.2433,941.3757,951.2852,2870.0043,4424.7964,3669.6687,4716.8374,5314.2712,5820.2923,5392.4246,2352.8878,1302.1873,1173.2458,2350.0559,4327.8921,3553.5844,5486.4003,5915.6433,5409.0358,5714.2087,2688.7737,1228.7574,1105.955,2595.2069,3999.6662,3899.4426,5293.185,5857.5199,5567.3563,5537.1305,1864.8197,942.2588,762.6724,1437.3701,4200.1295,2152.5174,5216.658,5708.5366,5427.5259,5480.351,2412.2832,928.4305,667.662,2507.9414,4183.4027,1801.0425,4835.7239,5887.1178,5529.2373,5768.2024,2379.3128,1147.5027,947.8368,2537.0211,4012.74,2946.6851,5561.2417,6156.5759,5958.6208,5802.0637,2439.6539,1220.5195,943.3032,4014.8948,3465.1039,5621.6811,6123.8043,5989.006,5805.4702,2195.5778,1130.6422,1293.4696,2685.8613,4449.0783,4040.905,6033.6784,6158.0386,5787.6111,6046.635,2127.1597,1082.0129,1247.9712,2751.3291,4381.3262,3965.6242,5940.6572,6319.9974,6005.2915,5649.7177,1917.6452,1093.4761,1125.2365,2210.1091,3947.5711,3858.1326,5863.4324
PWY_6383,mono-trans_poly-cis decaprenyl phosphate biosynthesis,"Cofactor, Prosthetic Group, Electron Carrier, and Vitamin Biosynthesis","Cofactor, Prosthetic Group, Electron Carrier, and Vitamin Biosynthesis <- PWY_6383",Polyprenyl Biosynthesis,285.943,214.538,221.1229,2079.158,2475.7935,1536.2685,316.7548,511.944,415.1249,278.6491,295.7386,249.5574,211.6946,1059.4833,1766.3482,1407.8879,391.6856,488.2796,409.3323,252.5671,224.2278,192.32,242.1551,2483.0415,2027.0824,1304.876,604.1732,388.1967,457.5459,285.9941,262.5771,258.1992,344.4633,2447.2842,2241.0195,1660.612,507.4191,579.9592,376.5729,330.553,296.5052,312.4198,236.0549,2001.8569,2992.2292,1291.2168,355.338,440.3847,429.5282,195.7453,209.792,253.6757,240.8299,2852.6203,1843.9668,1511.5839,276.5476,476.2969,588.4924,287.4263,351.6501,223.753,225.7017,2417.7667,3119.1662,1686.2548,372.308,420.9821,439.9534,270.2029,201.6599,292.8135,206.149,2640.2991,2708.2256,1897.7582,461.1689,564.1829,345.2453,256.365,217.2992,245.0894,215.2732,3225.4218,2257.5887,2061.9426,379.0582,420.529,185.1542,317.4093,244.1617,220.932,192.4827,3008.1369,2518.1824,1262.5592,454.826,530.0115,254.7451,404.3382,216.1809,219.2664,193.1357,2491.4668,2859.2838,1464.4415,330.6042,504.1976,470.4804,320.5863,208.6516,239.9505,219.0596,2916.3974,2475.0032,2091.3384,636.4172,575.9419,311.3024,188.4195,327.5625,428.2349,2971.1126,2640.2272,2240.7969,480.6209,535.5516,340.5557,353.905,279.619,374.0712,333.1389,2631.9627,2315.7308,2060.6585,413.9957,621.5847,459.5264,411.0841,395.0562,382.6524,431.4673,2537.0222,2141.7527,1633.4986,549.7002,612.1861,549.2068,470.534
PWY1G_0,mycothiol biosynthesis,"Cofactor, Prosthetic Group, Electron Carrier, and Vitamin Biosynthesis ","Cofactor, Prosthetic Group, Electron Carrier, and Vitamin Biosynthesis  <- PWY1G_0",Detoxification of reactive oxygen,422.4534,335.0805,376.2371,1698.3934,2084.3006,1208.4708,285.3111,613.4393,562.9191,423.3503,469.8783,421.5758,390.328,568.8144,1604.3914,1237.0517,348.22,584.5683,557.8709,362.8051,471.7418,423.4877,497.4203,2133.6556,1909.0793,1165.0407,612.4645,609.6413,629.811,422.2688,503.8895,428.0187,550.0593,2029.3042,2007.9214,1413.226,528.0284,728.3222,582.7507,497.5994,488.0479,431.8776,405.157,1715.2797,2396.7346,1150.3657,377.9198,531.5049,606.6763,367.9157,361.5212,357.7413,370.2586,2387.6248,1615.142,1321.1921,300.1295,521.1446,641.151,427.7512,578.1859,372.3318,342.4825,2176.0636,2620.3712,1390.2929,355.6041,506.9297,570.5252,423.2845,434.2933,398.9275,405.3794,2315.7091,2340.1688,1770.7454,465.7319,718.3709,575.5302,441.8389,426.3802,425.5673,414.9495,2583.4774,1937.511,1521.9725,344.8603,510.7415,298.0768,470.359,428.953,411.7847,333.7858,2635.5298,2083.9112,974.3051,440.0394,654.3042,366.5439,563.3742,397.8459,343.5926,330.5838,2248.539,2516.5569,1280.0546,326.2985,583.3199,575.3176,439.9291,445.5578,381.7098,381.1672,2544.8475,2180.3978,1811.0754,718.7345,687.4502,469.6597,413.6603,505.1876,505.8273,2645.2608,2292.9672,2107.9651,508.6512,634.2159,491.1092,471.7378,451.9241,516.9126,497.3504,2346.1779,2018.1921,1863.9991,400.0136,714.0495,558.3507,522.9167,618.2883,516.8401,574.6569,2162.6329,2020.4502,1398.4826,459.7725,704.3918,713.3539,593.2552
PWY_1422,vitamin E biosynthesis,"Cofactor, Prosthetic Group, Electron Carrier, and Vitamin Biosynthesis ","Cofactor, Prosthetic Group, Electron Carrier, and Vitamin Biosynthesis  <- PWY_1422",Vitamin Biosynthesis,80.8603,188.8359,417.8567,18.2564,2.8511,1.9983,8.0578,22.6976,34.8164,67.6953,58.2963,92.6318,244.7751,37.9659,9.444,8.4374,24.9005,44.3437,26.3993,67.8514,53.2052,143.6217,213.442,50.0161,22.874,7.7867,19.1413,40.8945,15.7502,90.1236,18.8804,323.9911,261.6039,50.6429,0,6.183,29.7733,68.2296,21.0452,119.7333,59.8026,364.872,406.5787,78.8545,2.7565,0,14.4549,16.1297,31.4322,136.2182,52.7485,166.2516,228.4822,452.9107,8.7894,28.4502,39.3718,31.5164,28.2727,109.0094,82.1955,84.9337,287.527,102.1632,9.2566,0,11.034,18.0393,27.8616,68.3393,40.3188,215.6511,286.1729,116.9155,4.2393,3.535,16.8033,39.538,24.5209,104.1928,47.2701,49.6876,314.5957,172.7703,0,0,14.6293,32.3849,15.3146,113.8375,50.9012,96.3155,284.7069,146.011,2.8428,4.2156,19.7444,29.8993,26.2897,152.3682,49.1714,262.5763,229.2684,188.8602,13.0233,2.7542,50.9388,42.7124,34.1679,69.0251,36.6242,156.7775,178.4417,97.8045,22.8569,0,32.7975,14.7237,104.2542,33.6383,141.3674,187.5259,234.5454,4.2631,0,43.4902,8.7825,32.779,84.1301,77.4047,198.7375,137.1573,84.1036,2.8284,6.7455,28.8108,3.6443,31.1177,92.3071,154.5989,172.3161,436.9418,51.732,0,15.5879,12.5597,45.8227,20.4424,126.3974
P621_PWY,nylon-6 oligomer degradation,Degradation Other,Degradation Other <- P621_PWY,Degradation Other,103.7839,97.1604,90.0973,458.5664,7372.1217,9339.4935,463.2606,406.0983,666.5513,110.0827,133.9197,106.6514,99.4893,605.1508,9161.5713,8651.5012,364.7482,528.3486,573.9337,159.2882,68.207,88.466,81.815,275.1797,5334.0684,9389.0792,339.9914,396.044,576.2694,116.0954,83.9634,90.6797,82.0487,313.225,7913.4259,7187.8775,316.7617,483.4448,555.0017,141.3309,101.9957,116.3388,99.0486,362.2545,7600.9192,8997.9348,728.5116,415.2326,590.3133,128.9413,88.0288,112.0129,92.4636,491.0096,9266.6522,9444.1764,664.4346,435.8673,715.1742,100.5095,90.3488,78.0994,103.3919,434.3663,6712.3327,7857.8115,721.1628,487.4078,539.6643,111.3931,47.1071,89.796,87.9163,294.5612,6867.9451,8234.3583,433.7932,571.0433,546.0359,99.4411,76.5029,128.3732,112.9191,561.1055,8497.754,6656.6553,621.398,468.9828,334.8558,133.0956,89.5715,120.6027,97.5534,247.3536,8645.581,6175.0001,576.4499,483.7011,407.2404,112.1512,67.5261,137.923,80.8269,712.8206,5824.9183,8845.5121,557.8123,557.5372,488.8185,116.7899,83.6683,69.2599,113.3688,300.3218,6984.9677,8450.8386,594.0064,615.7268,132.16,63.8205,111.9733,106.4818,364.7121,7904.0436,5732.9601,378.6484,486.1233,549.7145,139.1581,100.393,89.2592,89.0995,386.6765,8422.2877,6690.3576,378.335,564.3732,591.536,139.954,67.0165,79.1217,101.1385,683.389,7623.6594,8796.1388,622.8765,535.5798,606.4623,132.5
PWY_7616,methanol oxidation to carbon dioxide,Detoxification,Detoxification <- PWY_7616,Alcohol Degradation,289.0324,289.989,285.8361,1962.0229,1552.6991,1313.0267,466.1099,491.8605,623.3725,328.1685,295.8974,295.9044,297.1043,1080.3787,1243.7432,1101.2601,569.9343,534.1692,546.6396,316.5307,231.8821,233.4639,298.0765,1761.9499,997.0887,763.7381,891.6634,347.7983,378.4148,335.5849,253.5674,298.183,357.6573,2246.243,1185.8935,1106.0056,607.0218,562.1472,528.3137,430.9873,289.0591,391.0348,280.3947,1950.8781,1898.1849,697.3054,625.9786,424.6857,486.7538,304.3829,261.2241,355.8394,368.4435,2759.3964,1621.3832,1079.3415,555.259,548.9996,537.0477,346.2645,339.561,299.6577,263.4532,2562.9716,1914.8286,1259.5571,564.6368,447.421,557.3843,330.2663,245.3954,299.8279,254.1565,2606.8199,1694.0894,1095.6474,715.4043,538.4026,400.1219,324.6835,269.3251,304.0021,292.2044,2669.3337,1518.4893,1179.0036,567.6145,466.9152,322.299,406.3801,247.2592,260.1977,249.9999,2607.3864,1528.6151,941.3832,673.3783,443.5468,296.9781,441.1074,273.8559,271.4208,265.6309,2740.6564,2109.3134,1184.4888,571.418,598.972,510.4286,391.1684,276.6565,264.7845,309.6921,2675.8471,1698.9894,1404.6503,609.686,602.2071,372.6861,245.1016,332.3419,467.9395,2830.819,1491.069,1719.6772,690.5459,527.0305,522.6982,384.8203,313.2268,430.9569,408.8841,2509.5112,1926.3676,1559.4685,588.4676,653.6114,530.0836,436.7089,439.8704,401.5287,439.8694,2517.6588,1912.2022,1325.1529,723.4206,686.3303,585.6556,475.0269
PWY_7401,crotonate fermentation,Fermentation,Fermentation <- PWY_7401,Fermentation,29.0284,12.6608,4.8467,5.9717,1.9862,1.9945,11.8855,27.1134,16.6484,6.5724,21.1136,26.9971,21.8605,0,0,0,19.3696,20.0462,29.434,18.5515,29.883,12.5742,25.0278,4.9782,0.9958,2.9827,17.5766,29.0588,33.1861,16.5418,16.5335,6.6902,15.7868,1.998,0.9957,0,22.2642,32.5277,31.259,10.6117,26.0824,20.0948,11.7342,13.8662,0.991,1.9876,19.9002,34.0885,52.8109,12.439,24.0584,20.5799,22.2871,2.9918,1.9899,2.9742,17.8282,16.5288,12.6594,24.0991,17.3761,23.2964,19.5535,5.9755,0,1.9849,13.8922,28.3432,43.3117,22.9964,18.0068,15.7567,7.6363,0.9991,0,6.8376,21.5407,42.3547,17.3202,11.6951,15.0119,6.7326,21.0744,5.9682,2.9724,0,9.9563,24.5948,20.8975,18.3792,22.7915,19.9497,9.0355,5.9624,1.9794,0,26.4655,43.7086,15.7531,17.8012,16.5365,9.9623,23.1231,1.9963,0.9959,0,10.9266,18.4565,7.8555,24.5972,25.9375,11.4006,19.1251,3.9782,0,1.9768,15.5225,24.8089,17.4885,18.5225,3.8527,7.7054,4.9801,0,0,14.7711,7.9018,8.8733,11.0783,11.1784,7.5408,11.8046,0,0,2.9782,7.9366,9.7976,9.8357,9.4442,3.9242,2.9207,1.9704,1.9973,0,0,0,27.8393,7.9015,18.5788
PWY_6588,pyruvate fermentation to acetone,Fermentation,Fermentation <- PWY_6588,Fermentation,843.4728,616.5667,958.2656,2197.0103,8922.342,11099.2569,1308.0263,885.7033,1152.3814,1107.1517,794.6487,458.8037,849.4403,1728.715,10828.7026,10288.9613,1081.6587,909.7832,1024.1337,760.1447,598.8944,550.1336,863.1638,2647.2792,6284.1149,11039.8109,902.6951,625.8302,913.3461,1557.2203,489.5016,609.7465,843.7741,2441.9809,9253.1443,8569.1604,887.3432,877.216,1063.4304,721.0761,889.4024,773.0211,927.0874,2401.6595,9159.0747,10550.2715,2472.2902,861.4729,1046.2219,1001.8248,568.3714,672.7124,778.0563,2099.3895,11399.1841,11336.8415,2534.9684,1114.499,1446.4454,957.4321,783.3818,466.8442,665.0747,2470.3787,8297.3112,9417.3585,2374.0162,1147.2611,1008.6131,690.413,421.8695,831.1071,791.3449,2168.7761,8189.5108,9684.595,1675.0496,1019.6937,917.7436,571.5002,495.0788,466.6215,660.4945,2175.4069,10086.9866,7929.5157,1903.5394,693.3035,635.8648,716.4884,611.5573,645.4483,786.9609,2434.43,10290.4897,7410.3276,1883.4479,1008.3535,887.5186,1174.3069,885.8606,879.883,755.7326,2486.5835,7206.1681,10626.9009,2060.5303,1315.7644,1221.0991,763.4674,632.3364,448.8521,602.1074,2275.3473,8496.4104,10241.854,1264.6245,1413.5906,778.3899,332.1781,575.4291,602.7914,2120.7345,9395.0606,6858.3294,1981.7463,866.7057,1138.5141,687.9938,523.7484,436.6167,469.6461,2189.3671,10301.966,7982.5033,1690.185,1142.0399,1192.8192,677.2163,492.3475,437.2654,654.4969,2661.3678,9403.6492,10561.3529,2461.9812,1085.7372,1340.1252,617.5137
PWY_7402,benzoate fermentation,Fermentation,Fermentation <- PWY_7402,Fermentation,14.3581,6.2421,2.6736,0,0,0,0,9.9503,8.6941,3.6486,10.6066,7.7583,12.4548,0,0,0,8.8436,9.7464,14.1604,8.7998,17.9175,6.8859,14.4743,3.9735,0,1.5973,8.1376,10.1508,16.2883,9.2414,9.7406,4.3232,9.2212,1.2194,0,0,6.3907,15.025,16.8809,5.9088,14.0802,10.7323,7.0917,7.3857,0.7118,1.4528,11.5469,17.0939,23.8437,7.3351,14.9231,9.4285,12.57,2.3963,0,2.2052,9.18,8.3109,6.2505,13.2458,9.882,9.9283,12.0004,4.7665,0,1.397,0,15.1997,22.87,13.4854,10.773,8.396,3.9336,0.8604,0,0,0,19.8551,8.5116,5.8477,9.4858,4.4431,12.1751,2.9661,0,0,0,12.7159,11.5311,9.1521,13.5932,8.9186,5.051,3.0033,0,0,11.1309,20.1487,7.7216,10.4197,9.2638,5.8692,13.436,1.7663,0.9317,0,0,7.955,3.3758,14.5787,14.3881,7.5425,11.9097,3.261,0,0,8.9133,15.8379,10.4279,10.5984,2.7484,5.2458,0,0,0,6.5541,3.7485,5.8659,7.4235,7.0611,3.9049,7.3203,0,0,1.8441,3.3773,5.7002,5.9815,5.2307,3.2745,2.0656,1.7636,1.43,0,0,0,14.9826,5.482,9.3588
PWY_5100,pyruvate fermentation to acetate and lactate II,Fermentation,Fermentation <- PWY_5100,Fermentation of Pyruvate ,6532.3077,6365.9793,6041.994,3978.7636,2331.7917,2766.4647,5413.1389,5264.829,5327.1416,6680.5633,6478.1615,6235.345,6291.1946,5913.1161,1925.5825,2507.7297,6050.1294,5414.4307,5656.3545,6366.5349,6348.7993,5871.8046,6178.2274,2930.0988,2793.2461,2668.6847,4848.1395,5581.4121,5538.2285,6677.3754,6586.9337,6325.5286,6140.9379,3918.2243,2033.5935,3689.99,7558.1214,5394.4295,5955.8948,6735.7978,6609.8656,5611.0236,6384.1019,3670.0242,1582.5279,2971.6312,6163.1716,5539.7345,5273.3001,6308.4899,6748.3634,6375.5574,6438.5009,2611.3314,1402.0081,2130.8085,5891.9281,5489.2871,5343.0925,7073.2195,6345.6997,6507.4146,6097.9846,3200.5073,2034.6444,2232.6187,5739.8731,5604.4134,5544.4812,6415.2624,6583.2421,5988.7057,6167.6181,3081.6904,2209.8989,2599.3462,6286.5813,5225.9746,5597.838,6046.228,6588.0757,6210.0907,6337.7475,3092.1413,2035.0907,4723.5289,7105.8102,5654.4678,9019.8687,6376.2925,6517.6041,6131.0316,6124.4487,2692.5303,1620.2651,2708.9283,6236.9313,5501.3707,4871.4321,6437.2585,6755.4678,6268.4323,6382.2265,2831.4759,1999.5395,3019.1029,6577.1897,5273.4474,6461.7766,6257.7848,6522.9286,6435.3988,6348.8753,2889.7778,2201.167,2117.8666,5284.7986,5469.3146,6224.5536,6662.0008,6119.0468,6531.3242,2768.7933,1526.4789,2877.4601,6650.2198,5768.8648,6071.0286,6375.7568,6631.563,6109.1312,6235.369,2805.5577,1635.5723,2337.2623,6487.042,5384.9279,5529.1618,6477.6062,6345.6199,6038.2558,5938.78,1754.0272,1597.811,2271.9477,5698.5481,5571.9321,5504.0783,6076.6031
PWY_7385,"1,3-propanediol biosynthesis",Fermentation,Fermentation <- PWY_7385,Fermentation to Alcohol,189.758,221.797,288.5822,10.4918,3.4878,0,27.9546,110.5002,92.3202,222.3351,107.8186,209.9113,118.9363,3.4994,0,3.4503,24.469,118.9132,79.492,199.7651,228.7709,237.5329,68.3124,20.9218,6.823,0,55.7136,202.8666,152.869,156.7091,40.5174,226.4776,293.2172,17.4753,3.4711,3.4932,48.8872,161.5773,97.3056,63.5727,137.659,279.5703,321.7463,3.4988,0,3.4875,83.548,112.7699,75.7237,187.0513,145.8181,169.5787,140.9924,13.9653,6.9084,0,93.8809,105.3571,75.327,193.5256,16.8913,118.816,220.8816,20.9225,3.4529,0,24.4608,94.8333,88.3569,133.2209,99.3845,250.1912,125.7272,17.4507,0,0,59.2836,77.7838,106.7313,195.5717,180.9965,249.1178,174.3674,52.2524,13.8373,0,38.4311,174.6611,48.9051,259.7606,51.7878,144.9629,206.8556,6.9826,0,0,27.9518,140.5163,66.1273,237.7571,156.6843,224.7823,208.5092,27.8922,6.9816,0,55.8287,78.9151,65.7862,190.8889,97.3002,82.985,146.4935,10.4846,13.7669,3.4541,180.1137,48.2857,129.6511,198.0505,294.851,167.1049,75.9991,0,3.4728,69.7206,83.5035,78.5702,219.3949,73.2846,121.204,137.6377,72.6828,3.4668,6.8391,80.1154,112.2154,61.2257,249.8365,54.0052,346.0657,6.9436,6.9899,3.4677,0,59.2842,91.4323,134.0496,167.6407
P164_PWY,purine nucleobases degradation I,Fermentation,Fermentation <- P164_PWY,Purine Nucleotide Degradation,6549.3625,6641.6972,6799.383,2179.2002,2547.3372,695.9277,3268.9139,6392.4217,5703.8573,6881.472,6552.7925,6661.5274,6654.6532,643.0867,907.2794,1617.057,2998.3526,6435.374,6014.7898,6577.9851,6591.0004,6597.189,6878.7925,2633.7293,1488.2169,1124.8141,4570.0377,6670.2215,6128.4321,6578.7154,6500.6679,6587.7575,6594.5534,2987.3678,1132.5378,1183.5192,5015.5817,6577.9717,6532.8305,8277.7367,6948.1137,6700.674,6740.0867,2875.0211,747.9399,1861.4426,4679.2471,6517.8109,6134.3077,6687.3728,6605.3109,6629.5498,6904.7752,2625.0604,805.6262,900.1247,4823.8722,6254.7039,6034.757,6404.4785,6168.3684,6234.9217,6435.4376,2853.4764,1231.1599,1284.1431,3981.4909,6214.1419,6015.2803,6390.6485,6413.1346,6431.0335,6705.8612,2705.2314,916.4914,1393.1816,4736.7162,5979.5241,6305.1674,6419.3761,6492.9497,6867.4052,6766.7335,2564.6914,893.2009,951.8456,3064.6364,6391.5949,4575.0795,6868.1615,6561.2538,7068.658,6644.0462,2484.4469,849.7846,771.135,4803.5899,6769.1099,4119.5125,6905.0425,6513.5967,7035.5256,6689.2046,3016.703,1040.8682,1060.5609,4158.2116,6504.9118,5160.1599,6486.6768,6413.9449,6386.4596,6691.4512,2925.1034,1164.3933,1274.4321,6438.3718,5714.7814,6521.8372,6441.2618,6558.675,6793.1414,3285.1931,891.6516,1568.3578,5008.2342,6437.8302,6368.0353,6578.123,6182.2581,6734.0496,6364.8224,3314.5817,770.8565,1715.042,4659.3454,6307.0192,6409.2335,6706.7695,6185.9004,6469.2673,6508.4667,1977.9758,949.3836,1404.887,3501.2116,5858.5727,6177.9263,6583.4736
PWY_6876,isopropanol biosynthesis,Generation of Precursor Metabolites and Energy,Generation of Precursor Metabolites and Energy <- PWY_6876,Generation of Precursor Metabolites and Energy,493.9198,380.7744,365.591,2088.7064,2363.9364,2816.4929,1308.0263,885.7033,1152.3814,460.6131,497.0717,367.1113,369.874,952.2428,1955.7158,2545.6714,1081.6587,899.0369,1024.1337,552.9573,355.0187,350.1085,379.6647,1589.8971,2794.0806,2712.442,825.0593,625.8302,913.3461,414.3249,392.1977,288.8086,391.9077,2013.8602,2063.7569,3719.6997,887.3432,877.216,963.111,470.7521,467.4141,329.6069,347.7368,1695.1763,1601.1612,3024.0604,2472.2902,861.4729,949.1203,537.2311,440.9371,453.7774,420.8373,2072.0567,1419.6889,2164.734,2534.9684,1114.499,1446.4454,437.033,553.8706,466.8442,479.5207,2120.9623,2062.8499,2258.5582,2374.0162,1147.2611,1008.6131,492.8867,254.8347,319.6018,383.3559,2168.7761,2245.9718,2644.9617,1675.0496,1019.6937,917.7436,383.8357,358.0813,331.2991,410.6481,2175.4069,2064.5514,4606.4246,1903.5394,693.3035,516.7136,442.977,401.8386,410.4262,346.8293,2052.7053,1639.5984,2674.5678,1883.4479,1008.3535,887.5186,434.0683,352.4398,391.7953,394.8691,2486.5835,2014.6341,3071.6495,2060.5303,1315.7644,1136.7804,483.2682,383.2088,302.1954,463.103,2275.3473,2234.3435,2148.3807,1264.6245,1413.5906,491.0942,307.7595,367.1655,450.5292,2102.1905,1545.5955,2884.4248,1981.7463,866.7057,1138.5141,465.5043,443.6125,310.5133,364.0295,2138.8397,1661.2549,2364.0149,1690.185,1142.0399,1192.8192,502.5513,381.7078,322.1826,348.8674,1609.1657,1620.5583,2306.2325,2461.9812,1085.7372,1340.1252,545.6742
PWY_7084,nitrifier denitrification,Inorganic Nutrient Metabolism,Inorganic Nutrient Metabolism <- PWY_7084,Denitrification,74.9719,68.011,73.7567,14.4906,6.8782,0,25.6598,76.9263,43.212,96.1282,77.5524,81.7504,85.2224,0,2.3929,2.395,16.9785,86.9105,49.57,63.6533,72.0984,50.7835,79.964,9.2234,11.878,0,35.1598,58.486,43.774,82.7495,86.1221,58.7248,64.4357,6.5046,9.8734,4.4874,46.6321,78.5125,64.3571,64.4661,77.9263,61.0831,44.7686,10.5157,4.4795,7.9501,18.5289,52.6121,43.8091,72.5686,99.0447,74.1499,68.37,9.2773,4.7789,3.9841,22.4742,90.7871,68.8744,40.8133,88.9846,40.7283,74.0402,11.6571,1.9964,1.9975,30.3471,71.9758,57.7283,92.3092,88.884,65.2009,53.9876,25.7253,1.9959,2.3936,30.1929,74.1172,65.802,82.1006,126.1583,56.6768,60.1725,13.8815,0,3.9882,17.8689,68.1649,16.4438,68.0684,106.0703,71.8571,65.7732,7.9358,1.9955,2.3948,35.5355,79.2601,11.9217,50.7635,84.9662,55.8192,89.998,21.9664,6.8874,0,7.9767,83.5989,56.6185,105.2852,88.6833,81.7755,98.1616,7.1427,0,0,87.1827,101.5259,112.5027,75.8408,55.3276,127.3021,12.4651,11.8629,2.3967,37.1982,77.4468,143.2751,83.7373,101.5629,101.3899,74.7007,12.4603,2.6588,4.4877,33.7892,91.8372,115.1574,132.1006,76.8121,50.2337,76.6243,7.5556,2.394,0,19.039,99.9492,58.9629,120.01
PWY_7210,pyrimidine deoxyribonucleotides biosynthesis from CTP,Nucleoside and Nucleotide Biosynthesis,Nucleoside and Nucleotide Biosynthesis <- PWY_7210,Pyrimidine Nucleotide Biosynthesis,94.4428,133.8868,64.736,14.9825,20.8221,0,19.97,94.4514,89.5025,148.6325,79.6075,84.5603,84.5552,0,4.9984,14.9863,39.877,94.452,104.3233,74.6537,163.318,114.1928,124.0424,44.8402,14.9842,9.9938,74.5384,144.5676,182.9032,109.2607,114.1966,64.7402,94.4422,29.934,15.8333,9.9937,69.6809,109.2546,89.5008,143.7454,163.3281,109.2569,138.7955,54.7765,5.8478,30.7924,59.7509,128.9594,158.405,104.3133,109.2427,79.5959,69.6904,29.9314,14.9855,14.9862,64.6718,84.557,99.3754,104.3173,64.7346,99.3885,94.4342,14.9825,4.9984,4.9985,45.6912,99.3867,114.1853,99.3781,119.1108,64.7391,89.4957,19.9656,0,29.9436,59.7256,84.5577,119.1105,74.6479,128.9676,109.2652,84.5495,24.9519,4.9984,0,69.6543,143.7377,54.8317,163.3707,128.9625,207.3059,133.8677,19.9669,9.9937,14.984,74.5941,114.1943,104.1464,163.3371,94.4413,104.3093,128.9497,64.6455,5.8477,19.9757,54.772,79.6004,94.4393,69.6934,143.7029,54.8127,94.4413,4.9979,34.9192,19.9753,79.6008,109.2419,74.6513,104.3228,74.6523,104.2978,15.8312,9.9936,0,14.9838,69.6988,109.2397,89.4973,64.741,84.5546,114.1851,10.8408,9.9935,14.9856,54.7775,64.7384,59.7756,69.699,119.1044,69.6951,128.9383,4.9974,0,19.9751,4.9979,49.8414,79.5967,64.7398
PWY_7198,pyrimidine deoxyribonucleotides de novo biosynthesis Nucleoside and Nucleotide Biosynthesis,Nucleoside and Nucleotide Biosynthesis,Nucleoside and Nucleotide Biosynthesis <- PWY_7198,Pyrimidine Deoxyribonucleotide De Novo Biosynthesis,66.1842,93.8795,45.3535,10.4914,14.5819,0,13.9862,66.2185,62.757,104.2423,55.7725,59.2503,59.2479,0,3.4993,10.4936,27.9421,66.2204,73.1547,52.3121,114.5174,80.0566,86.9464,31.4168,10.4926,6.9972,52.2733,101.4186,128.4346,76.5871,80.0123,45.3519,66.1859,20.9658,11.0872,6.9971,48.8446,76.6141,62.7446,100.8199,114.5082,76.6075,97.343,38.3857,4.0939,21.5683,41.8842,90.4621,111.1921,73.1337,76.5639,55.7796,48.8283,20.9656,10.4933,10.4936,45.3425,59.2768,69.6856,73.1418,45.348,69.6495,66.1904,10.4908,3.4992,3.4993,32.0196,69.6862,80.0903,69.6568,83.478,45.3585,62.713,13.9818,0,20.9736,41.8662,59.2746,83.5391,52.3093,90.3965,76.5958,59.2425,17.4759,3.4993,0,48.8389,100.8534,38.4185,114.6335,90.3949,145.4738,93.8645,13.9823,6.9971,10.4926,52.3036,80.0824,73.0871,114.6106,66.1752,73.123,90.4049,45.3205,4.0939,13.9887,38.3915,55.7998,66.2245,48.8314,100.7537,38.3928,66.1831,3.4989,24.4617,13.9884,55.7979,76.6168,52.3073,73.1005,52.3076,73.1056,11.0849,6.997,0,10.492,48.8469,76.6154,62.7251,45.3528,59.2587,80.0491,7.5901,6.9969,10.4932,38.3905,45.369,41.8875,48.8331,83.5075,48.8352,90.4063,3.4987,0,13.9884,3.499,34.9216,55.7961,45.3579
PWY_7255,ergothioneine biosynthesis I,Secondary Metabolite Biosynthesis ,Secondary Metabolite Biosynthesis  <- PWY_7255,Ergothioneine Biosynthesis,388.3125,289.161,292.4247,2576.2017,2463.8952,1466.564,315.519,497.1426,473.4806,307.7555,392.6612,329.9189,331.0502,933.401,1784.8716,1392.1389,387.4239,456.64,425.3051,290.66,300.3016,309.2,335.1507,2763.353,2668.1335,1552.0327,617.2095,401.7496,396.6074,356.0864,285.9401,325.0172,423.4948,2732.6123,2397.0938,1863.8384,560.8326,576.9091,423.833,416.0453,451.6542,337.2003,297.0701,2618.0694,2669.8362,1434.9936,425.8173,382.3447,420.2425,277.1372,285.1436,298.8877,257.4436,2735.3085,1753.8438,1451.1705,314.0291,403.0109,442.7018,382.9822,443.9922,300.3559,329.9438,2879.2913,2867.9704,1644.5483,353.6459,483.8529,414.6423,325.2775,338.2717,305.1098,228.2204,2970.3908,2740.6963,1888.0584,477.1794,561.4529,341.6311,276.5266,280.4797,279.9093,286.1408,3129.1157,2261.7645,2008.5288,368.8463,365.4153,186.9348,350.7148,342.1808,293.7427,218.0567,3117.3684,2452.8114,1383.8051,467.8316,578.8264,228.3584,469.1183,256.6859,245.1401,234.4623,2605.9763,2581.4569,1511.2465,339.2236,469.5504,405.1675,344.9617,352.7839,288.676,294.2922,3066.119,2586.9043,1944.5455,605.4083,511.643,365.5843,274.8295,345.1543,361.4757,3068.9031,2604.8969,2181.0862,502.3058,505.41,352.3208,346.8729,407.6296,420.933,412.7484,2952.3972,2124.4843,1982.6248,472.3819,571.5903,416.4497,455.2573,516.5424,409.0528,439.6233,2817.9523,2085.7904,1636.6783,556.3377,560.9976,498.6121,478.9352
PWY_6486,D-galacturonate degradation II,Secondary Metabolite Degradation,Secondary Metabolite Degradation <- PWY_6486, Sugar Acid Degradation,1.9942,0.4997,1.4979,38.6426,12.4887,6.997,44.6537,26.5444,16.9282,0,0,0,0.9989,0.9997,3.999,6.9967,18.3456,9.4602,19.3465,0,1.9936,0,0,0,0.5,1.9998,10.4681,5.4794,12.4084,0,0,0,0.4997,0,0.9999,1.9997,4.4895,3.4937,9.9648,0,0.4996,0,0.4998,29.3138,12.9881,0.9999,110.2979,30.9426,11.9398,0,2.9814,2.493,1.4975,128.6891,40.8977,11.4918,404.6118,65.0298,24.6905,0.9989,0.4995,3.4742,4.472,23.3891,9.9924,3.9989,173.0519,20.2895,20.3552,0,0.9977,3.4855,0.4997,21.9013,6.9963,3.9989,201.8453,30.4836,8.4607,2.4932,2.4876,0,0.9989,3.4977,0.5,3.499,44.7589,4.4906,0.4999,0,0.9982,0.9991,0.9989,13.9602,13.4881,0.9999,239.3222,27.5831,5.9837,0,0.4994,0.9992,0.9989,226.4258,26.4403,1.9997,339.1008,85.5224,19.8209,1.4973,1.991,0.4996,0.9988,17.9298,12.9874,7.4962,45.0479,32.5077,0,0.9973,0.4997,3.4835,44.5721,23.9602,35.8805,307.0437,50.5936,61.5873,2.4928,1.4956,0,2.491,46.0375,29.94,5.9971,187.1958,59.6289,34.0034,1.4973,2.4851,1.497,0.9988,92.0398,32.9217,5.9976,418.7201,57.5276,38.2879,0
KETOGLUCONMET_PWY,ketogluconate metabolism,Secondary Metabolite Degradation,Secondary Metabolite Degradation <- KETOGLUCONMET_PWY, Sugar Acid Degradation,143.4621,152.2454,116.7595,1539.6128,1123.2927,1552.2838,312.524,390.8638,580.7197,197.3837,126.0386,123.0558,127.9332,933.8478,859.9343,1161.6842,405.0351,533.0533,469.866,226.691,110.2473,84.6032,114.5358,1408.0768,879.1269,1014.926,513.5085,344.6164,450.3644,204.3547,87.6782,89.8536,97.0786,1604.9932,678.5452,1530.8404,446.301,485.3685,513.5371,233.1002,103.684,197.9732,110.2478,1679.4762,914.0265,1076.1337,497.5316,423.7015,393.3569,251.9399,101.2047,148.4612,91.2782,1466.3764,1023.1298,1145.008,397.5803,411.1386,652.1171,170.1574,101.9366,73.1283,93.6895,1707.4626,983.1097,1870.5557,342.4912,528.2246,538.4752,170.8174,63.8649,102.0292,110.2844,1813.532,934.3733,954.8625,375.3823,476.6631,405.4425,169.0118,96.3254,249.4611,125.8821,2015.5588,1120.3612,4030.0904,360.0513,453.5055,329.7725,203.5806,100.3268,319.5469,129.3961,1348.7305,887.6063,3477.3909,399.2559,435.8367,282.12,196.2947,89.7361,316.8115,153.0668,1909.1511,1593.9321,1594.7047,290.1254,608.7196,678.1714,182.2035,71.124,85.0634,147.0379,1495.3147,914.2904,910.8931,643.9741,610.9791,155.9126,63.8613,167.9317,223.5026,1523.8624,737.6828,1513.3383,350.6093,435.1703,523.9317,230.8964,95.9099,127.7468,108.8965,1513.5262,756.0374,1371.1278,320.295,583.5177,648.2953,202.5477,88.1211,134.4529,144.4978,1621.1005,846.5108,1000.7274,264.9379,652.3565,495.5625,195.7945
P562_PWY,myo-inositol degradation I,Secondary Metabolite Degradation,Secondary Metabolite Degradation <- P562_PWY,Sugar Alcohol Degradation,568.7022,453.4415,541.5686,3982.2696,2555.6165,1659.3312,3691.5374,744.2781,1066.5368,771.3461,419.3978,457.6419,434.8918,5721.3131,1850.9663,1457.7717,4644.3797,737.5094,742.459,573.3649,369.524,338.9471,455.3537,2837.1898,2491.4023,1529.5645,2199.0413,549.6143,935.6121,484.2237,263.911,383.8048,515.5222,3697.9316,2237.9742,2040.6553,4793.5416,702.145,677.0381,1105.9193,417.763,725.8964,1166.9229,3263.0528,2804.9386,1408.0875,4277.134,760.4711,643.4705,532.2727,337.8209,477.9633,448.8746,3551.9077,1971.3732,1636.8162,3369.8729,889.72,1047.6939,2026.9593,410.1983,336.5402,420.9857,2987.6961,2958.0419,1790.0708,3496.2016,695.7975,807.6895,518.2682,286.0416,472.3949,423.8955,3511.9682,2821.3268,2023.4367,3820.6571,933.7654,667.6993,588.283,344.4148,450.0375,425.6139,4180.8996,2345.295,3896.2813,6088.6958,672.486,5447.4662,758.7155,321.9279,507.4614,475.2353,3239.9689,2268.9234,1815.2806,3798.7136,689.8284,2167.1138,1095.2022,520.9081,751.0631,407.4516,3272.4073,3175.116,1766.425,4497.1578,1012.4339,1137.9005,532.6843,314.6511,316.676,369.3771,3305.2848,2598.2268,2048.1205,1007.5367,1120.156,462.3628,322.2872,505.4943,418.3891,3073.4549,2439.1165,2606.4471,3901.5976,820.6455,1119.1467,569.9837,337.3127,519.225,424.5874,3021.3663,2242.0734,2337.2421,3633.1806,1035.9205,1082.3516,552.4731,491.4594,618.0847,467.345,3034.1883,2247.6752,1760.9264,4162.2837,1119.937,1120.8659,509.0117
PWY_7237,myo-_chiro- and scyllo-inositol degradation,Secondary Metabolite Degradation ,Secondary Metabolite Degradation  <- PWY_7237,Sugar Alcohol Degradation,750.31,654.32,634.8,5565.43,3471.74,2282.57,4381.31,922.18,1327.31,889.58,556.74,546.55,545.53,7571.32,2648.3,2053.1,6638.55,952.68,931,787.73,438.83,418.3,541.89,4169.54,3513.66,2083.68,2629.27,720.2,1133.82,598.09,327.75,478.55,600.6,5337.16,3183.82,2695.57,5376.31,889.59,899.99,1735,515.08,922.06,1245.06,4686.87,3639.32,1836.49,5646,974.58,875.81,720.36,420.93,598.11,531.38,5476.17,2820.94,2230.12,4444.81,1135.04,1266.37,2133.81,506.28,419.04,503.38,4777.31,3923.94,2372.28,4466.06,892,975.19,636.5,350.31,553.54,532.17,5663.65,3800.9,2660.92,4938.71,1126.26,818.4,824.98,412.53,597.81,508.15,6001.59,3115.52,4452.67,7290.12,851.06,5537.33,906.14,407.41,714.13,554.2,5308.15,3019.52,2509.18,4727.76,865.95,3541.22,1257.83,689.64,984.51,475.51,5259.25,4055.14,2285.42,5488,1276.61,1514.99,634.2,383.78,399.3,441.92,5374.77,3600.35,2715.5,1278.15,1398.53,568.14,428.54,716.65,534.63,4837.41,3295.12,3348.46,4819.01,997.24,1378.92,774.07,407.12,676.95,524.24,4659.87,3280.03,3076.26,4386.03,1288.28,1307.31,690.22,598.16,714.53,551.92,5184,3285.9,2491.52,5409.86,1435.03,1390.33,633.54
PWY_6478,GDP-D-glycero-_-D-manno-heptose biosynthesis,Sugar Nucleotide Biosynthesis ,Sugar Nucleotide Biosynthesis  <- PWY_6478,GDP-sugar Biosynthesis,6124.2958,6036.5685,5929.7355,1889.3255,1186.334,914.7765,1788.8012,4955.1921,3994.7686,6171.2836,6215.3707,6022.6666,6135.515,649.5432,1115.4663,1534.7151,1849.5009,4902.0733,4499.6291,5979.4079,6094.0816,6137.1964,6131.5151,2093.2605,1651.2276,1144.5899,2816.5005,5101.1836,4404.789,6412.0034,6463.8902,6259.4967,6158.5433,2297.7744,1338.634,1567.2272,3213.9469,4961.5738,4598.4452,5996.6488,6475.5381,5412.0566,5788.8276,2213.0002,1110.9742,1352.4947,2318.0113,4620.0928,4173.199,5871.3191,6565.2016,6128.2402,6238.6096,2236.5819,926.9594,1119.7952,3098.872,4931.854,4270.3042,5373.119,5791.8547,6320.5452,6005.3961,2244.3149,1485.8134,1459.7805,2602.0891,4829.8145,4114.1265,6073.6946,6485.1,6005.1979,6405.9776,2160.3871,1417.0599,1287.8433,2855.5766,4703.0637,4632.4405,5907.8796,6515.796,6154.9602,6297.5457,1858.8791,1204.528,980.4113,1860.9985,4879.1796,3067.9976,6020.6652,6397.6556,6152.5526,6101.1986,1988.4453,1218.1503,767.9289,2936.5427,4959.6137,2331.1586,5600.4052,6408.7833,6154.8009,6413.4315,2254.4996,1356.1057,1134.558,2690.7095,4623.5716,3738.507,6152.2943,6595.3287,6471.8344,6360.776,2255.3089,1436.6175,1230.7497,4683.1321,4201.9648,6171.864,6546.0974,6482.0471,6442.9967,2519.453,1373.9381,1748.82,3300.209,5032.7514,4995.9946,6530.7464,6610.2732,6234.1387,6488.6599,2524.5935,1138.5847,1522.9047,3149.5231,4841.9669,4577.6294,6523.8681,6448.1799,6540.3635,6206.3453,1360.0163,1134.0494,1266.0098,2576.708,4520.3869,4483.4283,6491.5193